AirSim port guard: configured ports are free; using original settings.
Launching Blocks from: /home/linux/Documents/PNG-px4-upward-camera/Blocks/LinuxBlocks1.8.1/LinuxNoEditor
Using Vulkan ICD: /usr/share/vulkan/icd.d/nvidia_icd.json
Using AirSim settings: /home/linux/Documents/PNG-px4-upward-camera/config/airsim_blocks_px4_actor_upward_camera_settings.json
AirSim RPC endpoint: 127.0.0.2:41451
PX4 simulator TCP ports in settings: 4560
AirSim runtime env: /home/linux/Documents/PNG-px4-upward-camera/logs/strict_reset/airsim_TTC_r30_h30_upward_yolo_matrix15_20260701_202024_M10.env
Looking for binary: ../../../Blocks/Config/BinaryConfig.ini
- Existing per-process limit (soft=1048576, hard=1048576) is enough for us (need only 1048576)
Increasing per-process limit of core file size to infinity.
LogConsoleResponse: Display: Failed to find resolution value strings in scalability ini. Falling back to default.
LogConsoleResponse: Display: Failed to find resolution value strings in scalability ini. Falling back to default.
LogPakFile: Display: Found Pak file ../../../Blocks/Content/Paks/Blocks-LinuxNoEditor.pak attempting to mount.
LogPakFile: Display: Mounting pak file ../../../Blocks/Content/Paks/Blocks-LinuxNoEditor.pak.
LogPakFile: PakFile PrimaryIndexSize=34058
LogPakFile: PakFile PathHashIndexSize=51980
LogPakFile: PakFile FullDirectoryIndexSize=70467
LogShaderLibrary: Display: ShaderCodeLibraryPakFileMountedCallback: PakFile '../../../Blocks/Content/Paks/Blocks-LinuxNoEditor.pak' (chunk index -1, root '../../../') mounted
LogShaderLibrary: Display: ShaderCodeLibraryPakFileMountedCallback: pending pak file info (ChunkID:-1 Root:../../../ File:../../../Blocks/Content/Paks/Blocks-LinuxNoEditor.pak)
LogPakFile: OnPakFileMounted2Time == 0.000007
LogPlatformFile: Using cached read wrapper
LogTaskGraph: Started task graph with 5 named threads and 17 total threads with 3 sets of task threads.
LogStats: Stats thread started at 0.034885
LogICUInternationalization: ICU TimeZone Detection - Raw Offset: -8:00, Platform Override: ''
LogInit: Display: Loading text-based GConfig....
LogPluginManager: Mounting plugin AirSim
LogPluginManager: Mounting plugin PhysXVehicles
LogPluginManager: Mounting plugin Paper2D
LogPluginManager: Mounting plugin AISupport
LogPluginManager: Mounting plugin EnvironmentQueryEditor
LogPluginManager: Mounting plugin LightPropagationVolume
LogPluginManager: Mounting plugin CameraShakePreviewer
LogPluginManager: Mounting plugin GameplayCameras
LogPluginManager: Mounting plugin TemplateSequence
LogPluginManager: Mounting plugin LevelSequenceEditor
LogPluginManager: Mounting plugin OodleData
LogPluginManager: Mounting plugin OodleNetwork
LogPluginManager: Mounting plugin AnimationSharing
LogPluginManager: Mounting plugin SignificanceManager
LogPluginManager: Mounting plugin PluginUtils
LogPluginManager: Mounting plugin PropertyAccessEditor
LogPluginManager: Mounting plugin UObjectPlugin
LogPluginManager: Mounting plugin AssetManagerEditor
LogPluginManager: Mounting plugin FacialAnimation
LogPluginManager: Mounting plugin GeometryMode
LogPluginManager: Mounting plugin SpeedTreeImporter
LogPluginManager: Mounting plugin DatasmithContent
LogPluginManager: Mounting plugin VariantManagerContent
LogPluginManager: Mounting plugin AlembicImporter
LogPluginManager: Mounting plugin GeometryCache
LogPluginManager: Mounting plugin AutomationUtils
LogPluginManager: Mounting plugin ScreenshotTools
LogPluginManager: Mounting plugin BackChannel
LogPluginManager: Mounting plugin ChaosClothEditor
LogPluginManager: Mounting plugin ChaosCloth
LogPluginManager: Mounting plugin ChaosEditor
LogPluginManager: Mounting plugin PlanarCut
LogPluginManager: Mounting plugin GeometryProcessing
LogPluginManager: Mounting plugin EditableMesh
LogPluginManager: Mounting plugin GeometryCollectionPlugin
LogPluginManager: Mounting plugin ProceduralMeshComponent
LogPluginManager: Mounting plugin ChaosSolverPlugin
LogPluginManager: Mounting plugin ChaosNiagara
LogPluginManager: Mounting plugin Niagara
LogPluginManager: Mounting plugin PythonScriptPlugin
LogPluginManager: Mounting plugin CharacterAI
LogPluginManager: Mounting plugin MotoSynth
LogPluginManager: Mounting plugin PlatformCrypto
LogPluginManager: Mounting plugin AvfMedia
LogPluginManager: Mounting plugin ImgMedia
LogPluginManager: Mounting plugin MediaCompositing
LogPluginManager: Mounting plugin WmfMedia
LogPluginManager: Mounting plugin MeshPainting
LogPluginManager: Mounting plugin TcpMessaging
LogPluginManager: Mounting plugin UdpMessaging
LogPluginManager: Mounting plugin ActorSequence
LogPluginManager: Mounting plugin MatineeToLevelSequence
LogPluginManager: Mounting plugin OnlineSubsystemNull
LogPluginManager: Mounting plugin OnlineSubsystem
LogPluginManager: Mounting plugin OnlineSubsystemUtils
LogPluginManager: Mounting plugin LauncherChunkInstaller
LogPluginManager: Mounting plugin ActorLayerUtilities
LogPluginManager: Mounting plugin AndroidPermission
LogPluginManager: Mounting plugin AppleImageUtils
LogPluginManager: Mounting plugin ArchVisCharacter
LogPluginManager: Mounting plugin AssetTags
LogPluginManager: Mounting plugin AudioCapture
LogPluginManager: Mounting plugin CableComponent
LogPluginManager: Mounting plugin ChunkDownloader
LogPluginManager: Mounting plugin CustomMeshComponent
LogPluginManager: Mounting plugin ExampleDeviceProfileSelector
LogPluginManager: Mounting plugin GooglePAD
LogPluginManager: Mounting plugin LinuxDeviceProfileSelector
LogPluginManager: Mounting plugin LocationServicesBPLibrary
LogPluginManager: Mounting plugin MobilePatchingUtils
LogPluginManager: Mounting plugin OpenXREyeTracker
LogPluginManager: Mounting plugin OpenXR
LogPluginManager: Mounting plugin OpenXRHandTracking
LogPluginManager: Mounting plugin LiveLink
LogPluginManager: Mounting plugin Takes
LogPluginManager: Mounting plugin RuntimePhysXCooking
LogPluginManager: Mounting plugin SoundFields
LogPluginManager: Mounting plugin Synthesis
LogPluginManager: Mounting plugin AudioSynesthesia
LogPluginManager: Mounting plugin WebMMoviePlayer
LogPluginManager: Mounting plugin WebMMedia
LogInit: Using libcurl 7.65.3-DEV
LogInit:  - built for x86_64-unknown-linux-gnu
LogInit:  - supports SSL with OpenSSL/1.1.1c
LogInit:  - supports HTTP deflate (compression) using libz 1.2.8
LogInit:  - other features:
LogInit:      CURL_VERSION_SSL
LogInit:      CURL_VERSION_LIBZ
LogInit:      CURL_VERSION_IPV6
LogInit:      CURL_VERSION_ASYNCHDNS
LogInit:      CURL_VERSION_LARGEFILE
LogInit:      CURL_VERSION_TLSAUTH_SRP
LogInit:  CurlRequestOptions (configurable via config and command line):
LogInit:  - bVerifyPeer = true  - Libcurl will verify peer certificate
LogInit:  - bUseHttpProxy = false  - Libcurl will NOT use HTTP proxy
LogInit:  - bDontReuseConnections = false  - Libcurl will reuse connections
LogInit:  - MaxHostConnections = 16  - Libcurl will limit the number of connections to a host
LogInit:  - LocalHostAddr = Default
LogInit:  - BufferSize = 65536
LogOnline: OSS: Creating online subsystem instance for: NULL
LogOnline: OSS: TryLoadSubsystemAndSetDefault: Loaded subsystem for module [NULL]
LogInit: Build: ++UE4+Release-4.27-CL-18319896
LogInit: Engine Version: 4.27.2-18319896+++UE4+Release-4.27
LogInit: Compatible Engine Version: 4.27.0-17155196+++UE4+Release-4.27
LogInit: Net CL: 17155196
LogInit: OS: GenericOSVersionLabel (GenericOSSubVersionLabel), CPU: Intel(R) Core(TM) Ultra 9 185H, GPU: GenericGPUBrand
LogInit: Compiled (64-bit): Nov 30 2021 07:42:46
LogInit: Compiled with Clang: 11.0.1 (https://github.com/llvm/llvm-project 43ff75f2c3feef64f9d73328230d34dac8832a91)
LogInit: Build Configuration: Development
LogInit: Branch Name: ++UE4+Release-4.27
LogInit: Command Line:  -nohmd -settings=/home/linux/Documents/PNG-px4-upward-camera/config/airsim_blocks_px4_actor_upward_camera_settings.json -RenderOffscreen -NoSplash -NoVSync -BENCHMARK -FPS=20
LogInit: Base Directory: /home/linux/Documents/PNG-px4-upward-camera/Blocks/LinuxBlocks1.8.1/LinuxNoEditor/Blocks/Binaries/Linux/
LogInit: Allocator: binned2
LogInit: Installed Engine Build: 0
LogDevObjectVersion: Number of dev versions registered: 29
LogDevObjectVersion:   Dev-Blueprints (B0D832E4-1F89-4F0D-ACCF-7EB736FD4AA2): 10
LogDevObjectVersion:   Dev-Build (E1C64328-A22C-4D53-A36C-8E866417BD8C): 0
LogDevObjectVersion:   Dev-Core (375EC13C-06E4-48FB-B500-84F0262A717E): 4
LogDevObjectVersion:   Dev-Editor (E4B068ED-F494-42E9-A231-DA0B2E46BB41): 40
LogDevObjectVersion:   Dev-Framework (CFFC743F-43B0-4480-9391-14DF171D2073): 37
LogDevObjectVersion:   Dev-Mobile (B02B49B5-BB20-44E9-A304-32B752E40360): 3
LogDevObjectVersion:   Dev-Networking (A4E4105C-59A1-49B5-A7C5-40C4547EDFEE): 0
LogDevObjectVersion:   Dev-Online (39C831C9-5AE6-47DC-9A44-9C173E1C8E7C): 0
LogDevObjectVersion:   Dev-Physics (78F01B33-EBEA-4F98-B9B4-84EACCB95AA2): 14
LogDevObjectVersion:   Dev-Platform (6631380F-2D4D-43E0-8009-CF276956A95A): 0
LogDevObjectVersion:   Dev-Rendering (12F88B9F-8875-4AFC-A67C-D90C383ABD29): 45
LogDevObjectVersion:   Dev-Sequencer (7B5AE74C-D270-4C10-A958-57980B212A5A): 13
LogDevObjectVersion:   Dev-VR (D7296918-1DD6-4BDD-9DE2-64A83CC13884): 3
LogDevObjectVersion:   Dev-LoadTimes (C2A15278-BFE7-4AFE-6C17-90FF531DF755): 1
LogDevObjectVersion:   Private-Geometry (6EACA3D4-40EC-4CC1-B786-8BED09428FC5): 3
LogDevObjectVersion:   Dev-AnimPhys (29E575DD-E0A3-4627-9D10-D276232CDCEA): 17
LogDevObjectVersion:   Dev-Anim (AF43A65D-7FD3-4947-9873-3E8ED9C1BB05): 15
LogDevObjectVersion:   Dev-ReflectionCapture (6B266CEC-1EC7-4B8F-A30B-E4D90942FC07): 1
LogDevObjectVersion:   Dev-Automation (0DF73D61-A23F-47EA-B727-89E90C41499A): 1
LogDevObjectVersion:   FortniteMain (601D1886-AC64-4F84-AA16-D3DE0DEAC7D6): 47
LogDevObjectVersion:   FortniteRelease (E7086368-6B23-4C58-8439-1B7016265E91): 1
LogDevObjectVersion:   Dev-Enterprise (9DFFBCD6-494F-0158-E221-12823C92A888): 10
LogDevObjectVersion:   Dev-Niagara (F2AED0AC-9AFE-416F-8664-AA7FFA26D6FC): 1
LogDevObjectVersion:   Dev-Destruction (174F1F0B-B4C6-45A5-B13F-2EE8D0FB917D): 10
LogDevObjectVersion:   Dev-Physics-Ext (35F94A83-E258-406C-A318-09F59610247C): 41
LogDevObjectVersion:   Dev-PhysicsMaterial-Chaos (B68FC16E-8B1B-42E2-B453-215C058844FE): 1
LogDevObjectVersion:   Dev-CineCamera (B2E18506-4273-CFC2-A54E-F4BB758BBA07): 1
LogDevObjectVersion:   Dev-VirtualProduction (64F58936-FD1B-42BA-BA96-7289D5D0FA4E): 1
LogDevObjectVersion:   Dev-MediaFramework (6F0ED827-A609-4895-9C91-998D90180EA4): 2
LogInit: Presizing for max 2097152 objects, including 1 objects not considered by GC, pre-allocating 0 bytes for permanent pool.
LogConfig: Applying CVar settings from Section [/Script/Engine.StreamingSettings] File [../../../Blocks/Saved/Config/LinuxNoEditor/Engine.ini]
LogConfig: Setting CVar [[s.MinBulkDataSizeForAsyncLoading:131072]]
LogConfig: Setting CVar [[s.AsyncLoadingThreadEnabled:0]]
LogConfig: Setting CVar [[s.EventDrivenLoaderEnabled:1]]
LogConfig: Setting CVar [[s.WarnIfTimeLimitExceeded:0]]
LogConfig: Setting CVar [[s.TimeLimitExceededMultiplier:1.5]]
LogConfig: Setting CVar [[s.TimeLimitExceededMinTime:0.005]]
LogConfig: Setting CVar [[s.UseBackgroundLevelStreaming:1]]
LogConfig: Setting CVar [[s.PriorityAsyncLoadingExtraTime:15.0]]
LogConfig: Setting CVar [[s.LevelStreamingActorsUpdateTimeLimit:5.0]]
LogConfig: Setting CVar [[s.PriorityLevelStreamingActorsUpdateExtraTime:5.0]]
LogConfig: Setting CVar [[s.LevelStreamingComponentsRegistrationGranularity:10]]
LogConfig: Setting CVar [[s.UnregisterComponentsTimeLimit:1.0]]
LogConfig: Setting CVar [[s.LevelStreamingComponentsUnregistrationGranularity:5]]
LogConfig: Setting CVar [[s.FlushStreamingOnExit:1]]
LogStreaming: Display: Async Loading initialized: Event Driven Loader: true, Async Loading Thread: false, Async Post Load: true
LogInit: Object subsystem initialized
LogConfig: Setting CVar [[con.DebugEarlyDefault:1]]
LogConfig: Setting CVar [[r.setres:1280x720]]
LogConfig: Setting CVar [[fx.NiagaraAllowRuntimeScalabilityChanges:1]]
[2026.07.02-03.38.53:655][  0]LogConfig: Setting CVar [[con.DebugEarlyDefault:1]]
[2026.07.02-03.38.53:655][  0]LogConfig: Setting CVar [[r.setres:1280x720]]
[2026.07.02-03.38.53:655][  0]LogConfig: Setting CVar [[fx.NiagaraAllowRuntimeScalabilityChanges:1]]
[2026.07.02-03.38.53:655][  0]LogConfig: Applying CVar settings from Section [/Script/Engine.RendererSettings] File [../../../Blocks/Saved/Config/LinuxNoEditor/Engine.ini]
[2026.07.02-03.38.53:655][  0]LogConfig: Setting CVar [[r.GPUCrashDebugging:0]]
[2026.07.02-03.38.53:655][  0]LogConfig: Applying CVar settings from Section [/Script/Engine.RendererOverrideSettings] File [../../../Blocks/Saved/Config/LinuxNoEditor/Engine.ini]
[2026.07.02-03.38.53:655][  0]LogConfig: Applying CVar settings from Section [/Script/Engine.StreamingSettings] File [../../../Blocks/Saved/Config/LinuxNoEditor/Engine.ini]
[2026.07.02-03.38.53:655][  0]LogConfig: Setting CVar [[s.MinBulkDataSizeForAsyncLoading:131072]]
[2026.07.02-03.38.53:655][  0]LogConfig: Setting CVar [[s.AsyncLoadingThreadEnabled:0]]
[2026.07.02-03.38.53:655][  0]LogConfig: Setting CVar [[s.EventDrivenLoaderEnabled:1]]
[2026.07.02-03.38.53:655][  0]LogConfig: Setting CVar [[s.WarnIfTimeLimitExceeded:0]]
[2026.07.02-03.38.53:655][  0]LogConfig: Setting CVar [[s.TimeLimitExceededMultiplier:1.5]]
[2026.07.02-03.38.53:655][  0]LogConfig: Setting CVar [[s.TimeLimitExceededMinTime:0.005]]
[2026.07.02-03.38.53:655][  0]LogConfig: Setting CVar [[s.UseBackgroundLevelStreaming:1]]
[2026.07.02-03.38.53:655][  0]LogConfig: Setting CVar [[s.PriorityAsyncLoadingExtraTime:15.0]]
[2026.07.02-03.38.53:655][  0]LogConfig: Setting CVar [[s.LevelStreamingActorsUpdateTimeLimit:5.0]]
[2026.07.02-03.38.53:655][  0]LogConfig: Setting CVar [[s.PriorityLevelStreamingActorsUpdateExtraTime:5.0]]
[2026.07.02-03.38.53:655][  0]LogConfig: Setting CVar [[s.LevelStreamingComponentsRegistrationGranularity:10]]
[2026.07.02-03.38.53:655][  0]LogConfig: Setting CVar [[s.UnregisterComponentsTimeLimit:1.0]]
[2026.07.02-03.38.53:655][  0]LogConfig: Setting CVar [[s.LevelStreamingComponentsUnregistrationGranularity:5]]
[2026.07.02-03.38.53:655][  0]LogConfig: Setting CVar [[s.FlushStreamingOnExit:1]]
[2026.07.02-03.38.53:656][  0]LogConfig: Applying CVar settings from Section [/Script/Engine.GarbageCollectionSettings] File [../../../Blocks/Saved/Config/LinuxNoEditor/Engine.ini]
[2026.07.02-03.38.53:656][  0]LogConfig: Setting CVar [[gc.MaxObjectsNotConsideredByGC:1]]
[2026.07.02-03.38.53:656][  0]LogConfig: Setting CVar [[gc.SizeOfPermanentObjectPool:0]]
[2026.07.02-03.38.53:656][  0]LogConfig: Setting CVar [[gc.FlushStreamingOnGC:0]]
[2026.07.02-03.38.53:656][  0]LogConfig: Setting CVar [[gc.NumRetriesBeforeForcingGC:10]]
[2026.07.02-03.38.53:656][  0]LogConfig: Setting CVar [[gc.AllowParallelGC:1]]
[2026.07.02-03.38.53:656][  0]LogConfig: Setting CVar [[gc.TimeBetweenPurgingPendingKillObjects:61.1]]
[2026.07.02-03.38.53:656][  0]LogConfig: Setting CVar [[gc.MaxObjectsInEditor:25165824]]
[2026.07.02-03.38.53:656][  0]LogConfig: Setting CVar [[gc.IncrementalBeginDestroyEnabled:1]]
[2026.07.02-03.38.53:656][  0]LogConfig: Setting CVar [[gc.CreateGCClusters:1]]
[2026.07.02-03.38.53:656][  0]LogConfig: Setting CVar [[gc.MinGCClusterSize:5]]
[2026.07.02-03.38.53:656][  0]LogConfig: Setting CVar [[gc.ActorClusteringEnabled:0]]
[2026.07.02-03.38.53:656][  0]LogConfig: Setting CVar [[gc.BlueprintClusteringEnabled:0]]
[2026.07.02-03.38.53:656][  0]LogConfig: Setting CVar [[gc.UseDisregardForGCOnDedicatedServers:0]]
[2026.07.02-03.38.53:656][  0]LogConfig: Setting CVar [[gc.MultithreadedDestructionEnabled:1]]
[2026.07.02-03.38.53:656][  0]LogConfig: Applying CVar settings from Section [/Script/Engine.NetworkSettings] File [../../../Blocks/Saved/Config/LinuxNoEditor/Engine.ini]
[2026.07.02-03.38.53:656][  0]LogInit: Initializing SDL.
[2026.07.02-03.38.53:656][  0]LogInit: Hinting SDL to use 'dummy' video driver.
[2026.07.02-03.38.53:668][  0]LogInit: Initialized SDL 2.0.12 revision: 13609 (hg-13609:34cc7d3b69d3) (compiled against 2.0.12)
[2026.07.02-03.38.53:668][  0]LogInit: Using SDL video driver 'dummy'
[2026.07.02-03.38.53:668][  0]LogInit: Display metrics:
[2026.07.02-03.38.53:668][  0]LogInit:   PrimaryDisplayWidth: 1024
[2026.07.02-03.38.53:668][  0]LogInit:   PrimaryDisplayHeight: 768
[2026.07.02-03.38.53:668][  0]LogInit:   PrimaryDisplayWorkAreaRect:
[2026.07.02-03.38.53:668][  0]LogInit:     Left=0, Top=0, Right=1024, Bottom=768
[2026.07.02-03.38.53:668][  0]LogInit:   VirtualDisplayRect:
[2026.07.02-03.38.53:668][  0]LogInit:     Left=0, Top=0, Right=1024, Bottom=768
[2026.07.02-03.38.53:668][  0]LogInit:   TitleSafePaddingSize: X=0.000 Y=0.000 Z=0.000 W=0.000
[2026.07.02-03.38.53:668][  0]LogInit:   ActionSafePaddingSize: X=0.000 Y=0.000 Z=0.000 W=0.000
[2026.07.02-03.38.53:668][  0]LogInit:   Number of monitors: 1
[2026.07.02-03.38.53:668][  0]LogInit:     Monitor 0
[2026.07.02-03.38.53:668][  0]LogInit:       Name: 0
[2026.07.02-03.38.53:668][  0]LogInit:       ID: display0
[2026.07.02-03.38.53:668][  0]LogInit:       NativeWidth: 1024
[2026.07.02-03.38.53:668][  0]LogInit:       NativeHeight: 768
[2026.07.02-03.38.53:668][  0]LogInit:       bIsPrimary: true
[2026.07.02-03.38.53:669][  0]LogConfig: Applying CVar settings from Section [ViewDistanceQuality@3] File [../../../Blocks/Saved/Config/LinuxNoEditor/Scalability.ini]
[2026.07.02-03.38.53:669][  0]LogConfig: Setting CVar [[r.SkeletalMeshLODBias:0]]
[2026.07.02-03.38.53:669][  0]LogConfig: Setting CVar [[r.ViewDistanceScale:1.0]]
[2026.07.02-03.38.53:669][  0]LogConfig: Applying CVar settings from Section [AntiAliasingQuality@3] File [../../../Blocks/Saved/Config/LinuxNoEditor/Scalability.ini]
[2026.07.02-03.38.53:669][  0]LogConfig: Setting CVar [[r.PostProcessAAQuality:4]]
[2026.07.02-03.38.53:669][  0]LogConfig: Applying CVar settings from Section [ShadowQuality@3] File [../../../Blocks/Saved/Config/LinuxNoEditor/Scalability.ini]
[2026.07.02-03.38.53:669][  0]LogConfig: Setting CVar [[r.LightFunctionQuality:1]]
[2026.07.02-03.38.53:669][  0]LogConfig: Setting CVar [[r.ShadowQuality:5]]
[2026.07.02-03.38.53:669][  0]LogConfig: Setting CVar [[r.Shadow.CSM.MaxCascades:10]]
[2026.07.02-03.38.53:669][  0]LogConfig: Setting CVar [[r.Shadow.MaxResolution:2048]]
[2026.07.02-03.38.53:669][  0]LogConfig: Setting CVar [[r.Shadow.MaxCSMResolution:2048]]
[2026.07.02-03.38.53:669][  0]LogConfig: Setting CVar [[r.Shadow.RadiusThreshold:0.01]]
[2026.07.02-03.38.53:669][  0]LogConfig: Setting CVar [[r.Shadow.DistanceScale:1.0]]
[2026.07.02-03.38.53:669][  0]LogConfig: Setting CVar [[r.Shadow.CSM.TransitionScale:1.0]]
[2026.07.02-03.38.53:669][  0]LogConfig: Setting CVar [[r.Shadow.PreShadowResolutionFactor:1.0]]
[2026.07.02-03.38.53:669][  0]LogConfig: Setting CVar [[r.DistanceFieldShadowing:1]]
[2026.07.02-03.38.53:669][  0]LogConfig: Setting CVar [[r.DistanceFieldAO:1]]
[2026.07.02-03.38.53:669][  0]LogConfig: Setting CVar [[r.AOQuality:2]]
[2026.07.02-03.38.53:669][  0]LogConfig: Setting CVar [[r.VolumetricFog:1]]
[2026.07.02-03.38.53:669][  0]LogConfig: Setting CVar [[r.VolumetricFog.GridPixelSize:8]]
[2026.07.02-03.38.53:669][  0]LogConfig: Setting CVar [[r.VolumetricFog.GridSizeZ:128]]
[2026.07.02-03.38.53:669][  0]LogConfig: Setting CVar [[r.VolumetricFog.HistoryMissSupersampleCount:4]]
[2026.07.02-03.38.53:669][  0]LogConfig: Setting CVar [[r.LightMaxDrawDistanceScale:1]]
[2026.07.02-03.38.53:669][  0]LogConfig: Setting CVar [[r.CapsuleShadows:1]]
[2026.07.02-03.38.53:669][  0]LogConfig: Applying CVar settings from Section [PostProcessQuality@3] File [../../../Blocks/Saved/Config/LinuxNoEditor/Scalability.ini]
[2026.07.02-03.38.53:669][  0]LogConfig: Setting CVar [[r.MotionBlurQuality:4]]
[2026.07.02-03.38.53:669][  0]LogConfig: Setting CVar [[r.AmbientOcclusionMipLevelFactor:0.4]]
[2026.07.02-03.38.53:669][  0]LogConfig: Setting CVar [[r.AmbientOcclusionMaxQuality:100]]
[2026.07.02-03.38.53:669][  0]LogConfig: Setting CVar [[r.AmbientOcclusionLevels:-1]]
[2026.07.02-03.38.53:669][  0]LogConfig: Setting CVar [[r.AmbientOcclusionRadiusScale:1.0]]
[2026.07.02-03.38.53:669][  0]LogConfig: Setting CVar [[r.DepthOfFieldQuality:2]]
[2026.07.02-03.38.53:669][  0]LogConfig: Setting CVar [[r.RenderTargetPoolMin:400]]
[2026.07.02-03.38.53:669][  0]LogConfig: Setting CVar [[r.LensFlareQuality:2]]
[2026.07.02-03.38.53:669][  0]LogConfig: Setting CVar [[r.SceneColorFringeQuality:1]]
[2026.07.02-03.38.53:669][  0]LogConfig: Setting CVar [[r.EyeAdaptationQuality:2]]
[2026.07.02-03.38.53:669][  0]LogConfig: Setting CVar [[r.BloomQuality:5]]
[2026.07.02-03.38.53:669][  0]LogConfig: Setting CVar [[r.FastBlurThreshold:100]]
[2026.07.02-03.38.53:669][  0]LogConfig: Setting CVar [[r.Upscale.Quality:3]]
[2026.07.02-03.38.53:669][  0]LogConfig: Setting CVar [[r.Tonemapper.GrainQuantization:1]]
[2026.07.02-03.38.53:669][  0]LogConfig: Setting CVar [[r.LightShaftQuality:1]]
[2026.07.02-03.38.53:669][  0]LogConfig: Setting CVar [[r.Filter.SizeScale:1]]
[2026.07.02-03.38.53:669][  0]LogConfig: Setting CVar [[r.Tonemapper.Quality:5]]
[2026.07.02-03.38.53:669][  0]LogConfig: Setting CVar [[r.DOF.Gather.AccumulatorQuality:1        ; higher gathering accumulator quality]]
[2026.07.02-03.38.53:669][  0]LogConfig: Setting CVar [[r.DOF.Gather.PostfilterMethod:1          ; Median3x3 postfilering method]]
[2026.07.02-03.38.53:669][  0]LogConfig: Setting CVar [[r.DOF.Gather.EnableBokehSettings:0       ; no bokeh simulation when gathering]]
[2026.07.02-03.38.53:669][  0]LogConfig: Setting CVar [[r.DOF.Gather.RingCount:4                 ; medium number of samples when gathering]]
[2026.07.02-03.38.53:669][  0]LogConfig: Setting CVar [[r.DOF.Scatter.ForegroundCompositing:1    ; additive foreground scattering]]
[2026.07.02-03.38.53:669][  0]LogConfig: Setting CVar [[r.DOF.Scatter.BackgroundCompositing:2    ; additive background scattering]]
[2026.07.02-03.38.53:669][  0]LogConfig: Setting CVar [[r.DOF.Scatter.EnableBokehSettings:1      ; bokeh simulation when scattering]]
[2026.07.02-03.38.53:669][  0]LogConfig: Setting CVar [[r.DOF.Scatter.MaxSpriteRatio:0.1         ; only a maximum of 10% of scattered bokeh]]
[2026.07.02-03.38.53:669][  0]LogConfig: Setting CVar [[r.DOF.Recombine.Quality:1                ; cheap slight out of focus]]
[2026.07.02-03.38.53:669][  0]LogConfig: Setting CVar [[r.DOF.Recombine.EnableBokehSettings:0    ; no bokeh simulation on slight out of focus]]
[2026.07.02-03.38.53:669][  0]LogConfig: Setting CVar [[r.DOF.TemporalAAQuality:1                ; more stable temporal accumulation]]
[2026.07.02-03.38.53:669][  0]LogConfig: Setting CVar [[r.DOF.Kernel.MaxForegroundRadius:0.025]]
[2026.07.02-03.38.53:669][  0]LogConfig: Setting CVar [[r.DOF.Kernel.MaxBackgroundRadius:0.025]]
[2026.07.02-03.38.53:669][  0]LogConfig: Applying CVar settings from Section [TextureQuality@3] File [../../../Blocks/Saved/Config/LinuxNoEditor/Scalability.ini]
[2026.07.02-03.38.53:669][  0]LogConfig: Setting CVar [[r.Streaming.MipBias:0]]
[2026.07.02-03.38.53:669][  0]LogConfig: Setting CVar [[r.Streaming.AmortizeCPUToGPUCopy:0]]
[2026.07.02-03.38.53:669][  0]LogConfig: Setting CVar [[r.Streaming.MaxNumTexturesToStreamPerFrame:0]]
[2026.07.02-03.38.53:669][  0]LogConfig: Setting CVar [[r.Streaming.Boost:1]]
[2026.07.02-03.38.53:669][  0]LogConfig: Setting CVar [[r.MaxAnisotropy:8]]
[2026.07.02-03.38.53:669][  0]LogConfig: Setting CVar [[r.VT.MaxAnisotropy:8]]
[2026.07.02-03.38.53:669][  0]LogConfig: Setting CVar [[r.Streaming.LimitPoolSizeToVRAM:0]]
[2026.07.02-03.38.53:669][  0]LogConfig: Setting CVar [[r.Streaming.PoolSize:1000]]
[2026.07.02-03.38.53:669][  0]LogConfig: Setting CVar [[r.Streaming.MaxEffectiveScreenSize:0]]
[2026.07.02-03.38.53:669][  0]LogConfig: Applying CVar settings from Section [EffectsQuality@3] File [../../../Blocks/Saved/Config/LinuxNoEditor/Scalability.ini]
[2026.07.02-03.38.53:669][  0]LogConfig: Setting CVar [[r.TranslucencyLightingVolumeDim:64]]
[2026.07.02-03.38.53:669][  0]LogConfig: Setting CVar [[r.RefractionQuality:2]]
[2026.07.02-03.38.53:669][  0]LogConfig: Setting CVar [[r.SSR.Quality:3]]
[2026.07.02-03.38.53:669][  0]LogConfig: Setting CVar [[r.SSR.HalfResSceneColor:0]]
[2026.07.02-03.38.53:669][  0]LogConfig: Setting CVar [[r.SceneColorFormat:4]]
[2026.07.02-03.38.53:669][  0]LogConfig: Setting CVar [[r.DetailMode:2]]
[2026.07.02-03.38.53:669][  0]LogConfig: Setting CVar [[r.TranslucencyVolumeBlur:1]]
[2026.07.02-03.38.53:669][  0]LogConfig: Setting CVar [[r.MaterialQualityLevel:1 ; High quality]]
[2026.07.02-03.38.53:669][  0]LogConfig: Setting CVar [[r.AnisotropicMaterials:1]]
[2026.07.02-03.38.53:669][  0]LogConfig: Setting CVar [[r.SSS.Scale:1]]
[2026.07.02-03.38.53:669][  0]LogConfig: Setting CVar [[r.SSS.SampleSet:2]]
[2026.07.02-03.38.53:669][  0]LogConfig: Setting CVar [[r.SSS.Quality:1]]
[2026.07.02-03.38.53:669][  0]LogConfig: Setting CVar [[r.SSS.HalfRes:0]]
[2026.07.02-03.38.53:669][  0]LogConfig: Setting CVar [[r.SSGI.Quality:3]]
[2026.07.02-03.38.53:669][  0]LogConfig: Setting CVar [[r.EmitterSpawnRateScale:1.0]]
[2026.07.02-03.38.53:669][  0]LogConfig: Setting CVar [[r.ParticleLightQuality:2]]
[2026.07.02-03.38.53:669][  0]LogConfig: Setting CVar [[r.SkyAtmosphere.AerialPerspectiveLUT.FastApplyOnOpaque:1 ; Always have FastSkyLUT 1 in this case to avoid wrong sky]]
[2026.07.02-03.38.53:669][  0]LogConfig: Setting CVar [[r.SkyAtmosphere.AerialPerspectiveLUT.SampleCountMaxPerSlice:4]]
[2026.07.02-03.38.53:669][  0]LogConfig: Setting CVar [[r.SkyAtmosphere.AerialPerspectiveLUT.DepthResolution:16.0]]
[2026.07.02-03.38.53:669][  0]LogConfig: Setting CVar [[r.SkyAtmosphere.FastSkyLUT:1]]
[2026.07.02-03.38.53:669][  0]LogConfig: Setting CVar [[r.SkyAtmosphere.FastSkyLUT.SampleCountMin:4.0]]
[2026.07.02-03.38.53:669][  0]LogConfig: Setting CVar [[r.SkyAtmosphere.FastSkyLUT.SampleCountMax:128.0]]
[2026.07.02-03.38.53:669][  0]LogConfig: Setting CVar [[r.SkyAtmosphere.SampleCountMin:4.0]]
[2026.07.02-03.38.53:669][  0]LogConfig: Setting CVar [[r.SkyAtmosphere.SampleCountMax:128.0]]
[2026.07.02-03.38.53:669][  0]LogConfig: Setting CVar [[r.SkyAtmosphere.TransmittanceLUT.UseSmallFormat:0]]
[2026.07.02-03.38.53:669][  0]LogConfig: Setting CVar [[r.SkyAtmosphere.TransmittanceLUT.SampleCount:10.0]]
[2026.07.02-03.38.53:669][  0]LogConfig: Setting CVar [[r.SkyAtmosphere.MultiScatteringLUT.SampleCount:15.0]]
[2026.07.02-03.38.53:669][  0]LogConfig: Setting CVar [[r.SkyLight.RealTimeReflectionCapture:1]]
[2026.07.02-03.38.53:669][  0]LogConfig: Setting CVar [[fx.Niagara.QualityLevel:3]]
[2026.07.02-03.38.53:669][  0]LogConfig: Applying CVar settings from Section [FoliageQuality@3] File [../../../Blocks/Saved/Config/LinuxNoEditor/Scalability.ini]
[2026.07.02-03.38.53:669][  0]LogConfig: Setting CVar [[foliage.DensityScale:1.0]]
[2026.07.02-03.38.53:669][  0]LogConfig: Setting CVar [[grass.DensityScale:1.0]]
[2026.07.02-03.38.53:669][  0]LogConfig: Applying CVar settings from Section [ShadingQuality@3] File [../../../Blocks/Saved/Config/LinuxNoEditor/Scalability.ini]
[2026.07.02-03.38.53:669][  0]LogConfig: Setting CVar [[r.HairStrands.SkyLighting.IntegrationType:2]]
[2026.07.02-03.38.53:669][  0]LogConfig: Setting CVar [[r.HairStrands.SkyAO.SampleCount:4]]
[2026.07.02-03.38.53:669][  0]LogConfig: Setting CVar [[r.HairStrands.Visibility.MSAA.SamplePerPixel:4]]
[2026.07.02-03.38.53:669][  0]LogLinux: Selected Device Profile: [LinuxNoEditor]
[2026.07.02-03.38.53:669][  0]LogInit: Applying CVar settings loaded from the selected device profile: [LinuxNoEditor]
[2026.07.02-03.38.53:669][  0]LogHAL: Display: Platform has ~ 4 GB [33122418688 / 4294967296 / 31], which maps to Smallest [LargestMinGB=32, LargerMinGB=12, DefaultMinGB=8, SmallerMinGB=6, SmallestMinGB=0)
[2026.07.02-03.38.53:669][  0]LogConfig: Setting CVar [[r.RHICmdBypass:0]]
[2026.07.02-03.38.53:669][  0]LogInit: Going up to parent DeviceProfile [Linux]
[2026.07.02-03.38.53:669][  0]LogInit: Going up to parent DeviceProfile []
[2026.07.02-03.38.53:669][  0]LogConfig: Applying CVar settings from Section [ViewDistanceQuality@3] File [../../../Blocks/Saved/Config/LinuxNoEditor/Scalability.ini]
[2026.07.02-03.38.53:669][  0]LogConfig: Setting CVar [[r.SkeletalMeshLODBias:0]]
[2026.07.02-03.38.53:669][  0]LogConfig: Setting CVar [[r.ViewDistanceScale:1.0]]
[2026.07.02-03.38.53:669][  0]LogConfig: Applying CVar settings from Section [AntiAliasingQuality@3] File [../../../Blocks/Saved/Config/LinuxNoEditor/Scalability.ini]
[2026.07.02-03.38.53:669][  0]LogConfig: Setting CVar [[r.PostProcessAAQuality:4]]
[2026.07.02-03.38.53:669][  0]LogConfig: Applying CVar settings from Section [ShadowQuality@3] File [../../../Blocks/Saved/Config/LinuxNoEditor/Scalability.ini]
[2026.07.02-03.38.53:669][  0]LogConfig: Setting CVar [[r.LightFunctionQuality:1]]
[2026.07.02-03.38.53:669][  0]LogConfig: Setting CVar [[r.ShadowQuality:5]]
[2026.07.02-03.38.53:669][  0]LogConfig: Setting CVar [[r.Shadow.CSM.MaxCascades:10]]
[2026.07.02-03.38.53:669][  0]LogConfig: Setting CVar [[r.Shadow.MaxResolution:2048]]
[2026.07.02-03.38.53:669][  0]LogConfig: Setting CVar [[r.Shadow.MaxCSMResolution:2048]]
[2026.07.02-03.38.53:669][  0]LogConfig: Setting CVar [[r.Shadow.RadiusThreshold:0.01]]
[2026.07.02-03.38.53:669][  0]LogConfig: Setting CVar [[r.Shadow.DistanceScale:1.0]]
[2026.07.02-03.38.53:669][  0]LogConfig: Setting CVar [[r.Shadow.CSM.TransitionScale:1.0]]
[2026.07.02-03.38.53:669][  0]LogConfig: Setting CVar [[r.Shadow.PreShadowResolutionFactor:1.0]]
[2026.07.02-03.38.53:669][  0]LogConfig: Setting CVar [[r.DistanceFieldShadowing:1]]
[2026.07.02-03.38.53:669][  0]LogConfig: Setting CVar [[r.DistanceFieldAO:1]]
[2026.07.02-03.38.53:669][  0]LogConfig: Setting CVar [[r.AOQuality:2]]
[2026.07.02-03.38.53:669][  0]LogConfig: Setting CVar [[r.VolumetricFog:1]]
[2026.07.02-03.38.53:669][  0]LogConfig: Setting CVar [[r.VolumetricFog.GridPixelSize:8]]
[2026.07.02-03.38.53:669][  0]LogConfig: Setting CVar [[r.VolumetricFog.GridSizeZ:128]]
[2026.07.02-03.38.53:669][  0]LogConfig: Setting CVar [[r.VolumetricFog.HistoryMissSupersampleCount:4]]
[2026.07.02-03.38.53:669][  0]LogConfig: Setting CVar [[r.LightMaxDrawDistanceScale:1]]
[2026.07.02-03.38.53:669][  0]LogConfig: Setting CVar [[r.CapsuleShadows:1]]
[2026.07.02-03.38.53:669][  0]LogConfig: Applying CVar settings from Section [PostProcessQuality@3] File [../../../Blocks/Saved/Config/LinuxNoEditor/Scalability.ini]
[2026.07.02-03.38.53:669][  0]LogConfig: Setting CVar [[r.MotionBlurQuality:4]]
[2026.07.02-03.38.53:669][  0]LogConfig: Setting CVar [[r.AmbientOcclusionMipLevelFactor:0.4]]
[2026.07.02-03.38.53:669][  0]LogConfig: Setting CVar [[r.AmbientOcclusionMaxQuality:100]]
[2026.07.02-03.38.53:669][  0]LogConfig: Setting CVar [[r.AmbientOcclusionLevels:-1]]
[2026.07.02-03.38.53:669][  0]LogConfig: Setting CVar [[r.AmbientOcclusionRadiusScale:1.0]]
[2026.07.02-03.38.53:669][  0]LogConfig: Setting CVar [[r.DepthOfFieldQuality:2]]
[2026.07.02-03.38.53:669][  0]LogConfig: Setting CVar [[r.RenderTargetPoolMin:400]]
[2026.07.02-03.38.53:669][  0]LogConfig: Setting CVar [[r.LensFlareQuality:2]]
[2026.07.02-03.38.53:669][  0]LogConfig: Setting CVar [[r.SceneColorFringeQuality:1]]
[2026.07.02-03.38.53:669][  0]LogConfig: Setting CVar [[r.EyeAdaptationQuality:2]]
[2026.07.02-03.38.53:669][  0]LogConfig: Setting CVar [[r.BloomQuality:5]]
[2026.07.02-03.38.53:669][  0]LogConfig: Setting CVar [[r.FastBlurThreshold:100]]
[2026.07.02-03.38.53:669][  0]LogConfig: Setting CVar [[r.Upscale.Quality:3]]
[2026.07.02-03.38.53:669][  0]LogConfig: Setting CVar [[r.Tonemapper.GrainQuantization:1]]
[2026.07.02-03.38.53:669][  0]LogConfig: Setting CVar [[r.LightShaftQuality:1]]
[2026.07.02-03.38.53:669][  0]LogConfig: Setting CVar [[r.Filter.SizeScale:1]]
[2026.07.02-03.38.53:669][  0]LogConfig: Setting CVar [[r.Tonemapper.Quality:5]]
[2026.07.02-03.38.53:669][  0]LogConfig: Setting CVar [[r.DOF.Gather.AccumulatorQuality:1        ; higher gathering accumulator quality]]
[2026.07.02-03.38.53:669][  0]LogConfig: Setting CVar [[r.DOF.Gather.PostfilterMethod:1          ; Median3x3 postfilering method]]
[2026.07.02-03.38.53:669][  0]LogConfig: Setting CVar [[r.DOF.Gather.EnableBokehSettings:0       ; no bokeh simulation when gathering]]
[2026.07.02-03.38.53:669][  0]LogConfig: Setting CVar [[r.DOF.Gather.RingCount:4                 ; medium number of samples when gathering]]
[2026.07.02-03.38.53:669][  0]LogConfig: Setting CVar [[r.DOF.Scatter.ForegroundCompositing:1    ; additive foreground scattering]]
[2026.07.02-03.38.53:669][  0]LogConfig: Setting CVar [[r.DOF.Scatter.BackgroundCompositing:2    ; additive background scattering]]
[2026.07.02-03.38.53:669][  0]LogConfig: Setting CVar [[r.DOF.Scatter.EnableBokehSettings:1      ; bokeh simulation when scattering]]
[2026.07.02-03.38.53:669][  0]LogConfig: Setting CVar [[r.DOF.Scatter.MaxSpriteRatio:0.1         ; only a maximum of 10% of scattered bokeh]]
[2026.07.02-03.38.53:669][  0]LogConfig: Setting CVar [[r.DOF.Recombine.Quality:1                ; cheap slight out of focus]]
[2026.07.02-03.38.53:669][  0]LogConfig: Setting CVar [[r.DOF.Recombine.EnableBokehSettings:0    ; no bokeh simulation on slight out of focus]]
[2026.07.02-03.38.53:669][  0]LogConfig: Setting CVar [[r.DOF.TemporalAAQuality:1                ; more stable temporal accumulation]]
[2026.07.02-03.38.53:669][  0]LogConfig: Setting CVar [[r.DOF.Kernel.MaxForegroundRadius:0.025]]
[2026.07.02-03.38.53:669][  0]LogConfig: Setting CVar [[r.DOF.Kernel.MaxBackgroundRadius:0.025]]
[2026.07.02-03.38.53:669][  0]LogConfig: Applying CVar settings from Section [TextureQuality@3] File [../../../Blocks/Saved/Config/LinuxNoEditor/Scalability.ini]
[2026.07.02-03.38.53:669][  0]LogConfig: Setting CVar [[r.Streaming.MipBias:0]]
[2026.07.02-03.38.53:669][  0]LogConfig: Setting CVar [[r.Streaming.AmortizeCPUToGPUCopy:0]]
[2026.07.02-03.38.53:669][  0]LogConfig: Setting CVar [[r.Streaming.MaxNumTexturesToStreamPerFrame:0]]
[2026.07.02-03.38.53:669][  0]LogConfig: Setting CVar [[r.Streaming.Boost:1]]
[2026.07.02-03.38.53:669][  0]LogConfig: Setting CVar [[r.MaxAnisotropy:8]]
[2026.07.02-03.38.53:669][  0]LogConfig: Setting CVar [[r.VT.MaxAnisotropy:8]]
[2026.07.02-03.38.53:669][  0]LogConfig: Setting CVar [[r.Streaming.LimitPoolSizeToVRAM:0]]
[2026.07.02-03.38.53:669][  0]LogConfig: Setting CVar [[r.Streaming.PoolSize:1000]]
[2026.07.02-03.38.53:669][  0]LogConfig: Setting CVar [[r.Streaming.MaxEffectiveScreenSize:0]]
[2026.07.02-03.38.53:669][  0]LogConfig: Applying CVar settings from Section [EffectsQuality@3] File [../../../Blocks/Saved/Config/LinuxNoEditor/Scalability.ini]
[2026.07.02-03.38.53:669][  0]LogConfig: Setting CVar [[r.TranslucencyLightingVolumeDim:64]]
[2026.07.02-03.38.53:669][  0]LogConfig: Setting CVar [[r.RefractionQuality:2]]
[2026.07.02-03.38.53:669][  0]LogConfig: Setting CVar [[r.SSR.Quality:3]]
[2026.07.02-03.38.53:669][  0]LogConfig: Setting CVar [[r.SSR.HalfResSceneColor:0]]
[2026.07.02-03.38.53:669][  0]LogConfig: Setting CVar [[r.SceneColorFormat:4]]
[2026.07.02-03.38.53:669][  0]LogConfig: Setting CVar [[r.DetailMode:2]]
[2026.07.02-03.38.53:669][  0]LogConfig: Setting CVar [[r.TranslucencyVolumeBlur:1]]
[2026.07.02-03.38.53:669][  0]LogConfig: Setting CVar [[r.MaterialQualityLevel:1 ; High quality]]
[2026.07.02-03.38.53:669][  0]LogConfig: Setting CVar [[r.AnisotropicMaterials:1]]
[2026.07.02-03.38.53:669][  0]LogConfig: Setting CVar [[r.SSS.Scale:1]]
[2026.07.02-03.38.53:669][  0]LogConfig: Setting CVar [[r.SSS.SampleSet:2]]
[2026.07.02-03.38.53:669][  0]LogConfig: Setting CVar [[r.SSS.Quality:1]]
[2026.07.02-03.38.53:669][  0]LogConfig: Setting CVar [[r.SSS.HalfRes:0]]
[2026.07.02-03.38.53:669][  0]LogConfig: Setting CVar [[r.SSGI.Quality:3]]
[2026.07.02-03.38.53:669][  0]LogConfig: Setting CVar [[r.EmitterSpawnRateScale:1.0]]
[2026.07.02-03.38.53:669][  0]LogConfig: Setting CVar [[r.ParticleLightQuality:2]]
[2026.07.02-03.38.53:669][  0]LogConfig: Setting CVar [[r.SkyAtmosphere.AerialPerspectiveLUT.FastApplyOnOpaque:1 ; Always have FastSkyLUT 1 in this case to avoid wrong sky]]
[2026.07.02-03.38.53:669][  0]LogConfig: Setting CVar [[r.SkyAtmosphere.AerialPerspectiveLUT.SampleCountMaxPerSlice:4]]
[2026.07.02-03.38.53:669][  0]LogConfig: Setting CVar [[r.SkyAtmosphere.AerialPerspectiveLUT.DepthResolution:16.0]]
[2026.07.02-03.38.53:669][  0]LogConfig: Setting CVar [[r.SkyAtmosphere.FastSkyLUT:1]]
[2026.07.02-03.38.53:669][  0]LogConfig: Setting CVar [[r.SkyAtmosphere.FastSkyLUT.SampleCountMin:4.0]]
[2026.07.02-03.38.53:669][  0]LogConfig: Setting CVar [[r.SkyAtmosphere.FastSkyLUT.SampleCountMax:128.0]]
[2026.07.02-03.38.53:669][  0]LogConfig: Setting CVar [[r.SkyAtmosphere.SampleCountMin:4.0]]
[2026.07.02-03.38.53:669][  0]LogConfig: Setting CVar [[r.SkyAtmosphere.SampleCountMax:128.0]]
[2026.07.02-03.38.53:669][  0]LogConfig: Setting CVar [[r.SkyAtmosphere.TransmittanceLUT.UseSmallFormat:0]]
[2026.07.02-03.38.53:669][  0]LogConfig: Setting CVar [[r.SkyAtmosphere.TransmittanceLUT.SampleCount:10.0]]
[2026.07.02-03.38.53:669][  0]LogConfig: Setting CVar [[r.SkyAtmosphere.MultiScatteringLUT.SampleCount:15.0]]
[2026.07.02-03.38.53:669][  0]LogConfig: Setting CVar [[r.SkyLight.RealTimeReflectionCapture:1]]
[2026.07.02-03.38.53:669][  0]LogConfig: Setting CVar [[fx.Niagara.QualityLevel:3]]
[2026.07.02-03.38.53:669][  0]LogConfig: Applying CVar settings from Section [FoliageQuality@3] File [../../../Blocks/Saved/Config/LinuxNoEditor/Scalability.ini]
[2026.07.02-03.38.53:669][  0]LogConfig: Setting CVar [[foliage.DensityScale:1.0]]
[2026.07.02-03.38.53:669][  0]LogConfig: Setting CVar [[grass.DensityScale:1.0]]
[2026.07.02-03.38.53:669][  0]LogConfig: Applying CVar settings from Section [ShadingQuality@3] File [../../../Blocks/Saved/Config/LinuxNoEditor/Scalability.ini]
[2026.07.02-03.38.53:669][  0]LogConfig: Setting CVar [[r.HairStrands.SkyLighting.IntegrationType:2]]
[2026.07.02-03.38.53:669][  0]LogConfig: Setting CVar [[r.HairStrands.SkyAO.SampleCount:4]]
[2026.07.02-03.38.53:669][  0]LogConfig: Setting CVar [[r.HairStrands.Visibility.MSAA.SamplePerPixel:4]]
[2026.07.02-03.38.53:669][  0]LogConfig: Applying CVar settings from Section [Startup] File [../../../Engine/Config/ConsoleVariables.ini]
[2026.07.02-03.38.53:669][  0]LogConfig: Setting CVar [[net.UseAdaptiveNetUpdateFrequency:0]]
[2026.07.02-03.38.53:669][  0]LogConfig: Setting CVar [[p.chaos.AllowCreatePhysxBodies:1]]
[2026.07.02-03.38.53:669][  0]LogConfig: Setting CVar [[fx.SkipVectorVMBackendOptimizations:1]]
[2026.07.02-03.38.53:669][  0]LogConfig: Applying CVar settings from Section [ConsoleVariables] File [../../../Blocks/Saved/Config/LinuxNoEditor/Engine.ini]
[2026.07.02-03.38.53:669][  0]LogConfig: Setting CVar [[g.TimeoutForBlockOnRenderFence:60000]]
[2026.07.02-03.38.53:669][  0]LogInit: Unix hardware info:
[2026.07.02-03.38.53:669][  0]LogInit:  - we are the first instance of this executable
[2026.07.02-03.38.53:669][  0]LogInit:  - this process' id (pid) is 70524, parent process' id (ppid) is 70488
[2026.07.02-03.38.53:669][  0]LogInit:  - we are not running under debugger
[2026.07.02-03.38.53:669][  0]LogInit:  - machine network name is 'linux'
[2026.07.02-03.38.53:670][  0]LogInit:  - user name is 'linux' (linux)
[2026.07.02-03.38.53:670][  0]LogInit:  - we're logged in locally
[2026.07.02-03.38.53:670][  0]LogInit:  - we're running with rendering
[2026.07.02-03.38.53:670][  0]LogInit:  - CPU: GenuineIntel 'Intel(R) Core(TM) Ultra 9 185H' (signature: 0xA06A4)
[2026.07.02-03.38.53:670][  0]LogInit:  - Number of physical cores available for the process: 16
[2026.07.02-03.38.53:670][  0]LogInit:  - Number of logical cores available for the process: 22
[2026.07.02-03.38.53:670][  0]LogInit:  - Cache line size: 64
[2026.07.02-03.38.53:670][  0]LogInit:  - Memory allocator used: binned2
[2026.07.02-03.38.53:670][  0]LogInit:  - This binary is optimized with LTO: no, PGO: no, instrumented for PGO data collection: no
[2026.07.02-03.38.53:670][  0]LogInit:  - This is an internal build.
[2026.07.02-03.38.53:670][  0]LogCore: Benchmarking clocks:
[2026.07.02-03.38.53:670][  0]LogCore:  - CLOCK_MONOTONIC (id=1) can sustain 64506509 (64507K, 65M) calls per second without zero deltas.
[2026.07.02-03.38.53:670][  0]LogCore:  - CLOCK_MONOTONIC_RAW (id=4) can sustain 77198998 (77199K, 77M) calls per second without zero deltas.
[2026.07.02-03.38.53:670][  0]LogCore:  - CLOCK_MONOTONIC_COARSE (id=6) can sustain 266323353 (266323K, 266M) calls per second with 99.999621% zero deltas.
[2026.07.02-03.38.53:670][  0]LogCore: Selected clock_id 4 (CLOCK_MONOTONIC_RAW) since it is the fastest support clock without zero deltas.
[2026.07.02-03.38.53:670][  0]LogInit: Unix-specific commandline switches:
[2026.07.02-03.38.53:670][  0]LogInit:  -ansimalloc - use malloc()/free() from libc (useful for tools like valgrind and electric fence)
[2026.07.02-03.38.53:670][  0]LogInit:  -jemalloc - use jemalloc for all memory allocation
[2026.07.02-03.38.53:670][  0]LogInit:  -binnedmalloc - use binned malloc  for all memory allocation
[2026.07.02-03.38.53:670][  0]LogInit:  -filemapcachesize=NUMBER - set the size for case-sensitive file mapping cache
[2026.07.02-03.38.53:670][  0]LogInit:  -useksm - uses kernel same-page mapping (KSM) for mapped memory (OFF)
[2026.07.02-03.38.53:670][  0]LogInit:  -ksmmergeall - marks all mmap'd memory pages suitable for KSM (OFF)
[2026.07.02-03.38.53:670][  0]LogInit:  -preloadmodulesymbols - Loads the main module symbols file into memory (OFF)
[2026.07.02-03.38.53:670][  0]LogInit:  -sigdfl=SIGNAL - Allows a specific signal to be set to its default handler rather then ignoring the signal
[2026.07.02-03.38.53:670][  0]LogInit:  -httpproxy=ADDRESS:PORT - redirects HTTP requests to a proxy (only supported if compiled with libcurl)
[2026.07.02-03.38.53:670][  0]LogInit:  -reuseconn - allow libcurl to reuse HTTP connections (only matters if compiled with libcurl)
[2026.07.02-03.38.53:670][  0]LogInit:  -virtmemkb=NUMBER - sets process virtual memory (address space) limit (overrides VirtualMemoryLimitInKB value from .ini)
[2026.07.02-03.38.53:670][  0]LogInit:  - Physical RAM available (not considering process quota): 31 GB (31588 MB, 32346112 KB, 33122418688 bytes)
[2026.07.02-03.38.53:670][  0]LogInit:  - VirtualMemoryAllocator pools will grow at scale 1.4
[2026.07.02-03.38.53:670][  0]LogInit:  - MemoryRangeDecommit() will be a no-op (re-run with -vmapoolevict to change)
[2026.07.02-03.38.53:675][  0]LogInit: Physics initialised using underlying interface: PhysX
[2026.07.02-03.38.53:675][  0]LogInit: Using OS detected language (en-US).
[2026.07.02-03.38.53:675][  0]LogInit: Using OS detected locale (en-US).
[2026.07.02-03.38.53:675][  0]LogTextLocalizationManager: No specific localization for 'en-US' exists, so the 'en' localization will be used.
[2026.07.02-03.38.53:687][  0]LogSlate: New Slate User Created.  User Index 0, Is Virtual User: 0
[2026.07.02-03.38.53:687][  0]LogSlate: Slate User Registered.  User Index 0, Is Virtual User: 0
[2026.07.02-03.38.53:688][  0]LogInit: Using SDL_WINDOW_VULKAN
[2026.07.02-03.38.53:699][  0]LogVulkanRHI: Display: - Found 5 instance layers
[2026.07.02-03.38.53:699][  0]LogVulkanRHI: Display: * VK_LAYER_INTEL_nullhw
[2026.07.02-03.38.53:699][  0]LogVulkanRHI: Display: * VK_LAYER_MESA_device_select
[2026.07.02-03.38.53:699][  0]LogVulkanRHI: Display: * VK_LAYER_MESA_overlay
[2026.07.02-03.38.53:699][  0]LogVulkanRHI: Display: * VK_LAYER_NV_optimus
[2026.07.02-03.38.53:699][  0]LogVulkanRHI: Display: * VK_LAYER_NV_present
[2026.07.02-03.38.53:699][  0]LogVulkanRHI: Display: - Found 23 instance extensions
[2026.07.02-03.38.53:699][  0]LogVulkanRHI: Display: * VK_EXT_acquire_drm_display
[2026.07.02-03.38.53:699][  0]LogVulkanRHI: Display: * VK_EXT_acquire_xlib_display
[2026.07.02-03.38.53:699][  0]LogVulkanRHI: Display: * VK_EXT_debug_report
[2026.07.02-03.38.53:699][  0]LogVulkanRHI: Display: * VK_EXT_debug_utils
[2026.07.02-03.38.53:699][  0]LogVulkanRHI: Display: * VK_EXT_direct_mode_display
[2026.07.02-03.38.53:699][  0]LogVulkanRHI: Display: * VK_EXT_display_surface_counter
[2026.07.02-03.38.53:699][  0]LogVulkanRHI: Display: * VK_EXT_surface_maintenance1
[2026.07.02-03.38.53:699][  0]LogVulkanRHI: Display: * VK_EXT_swapchain_colorspace
[2026.07.02-03.38.53:699][  0]LogVulkanRHI: Display: * VK_KHR_device_group_creation
[2026.07.02-03.38.53:699][  0]LogVulkanRHI: Display: * VK_KHR_display
[2026.07.02-03.38.53:699][  0]LogVulkanRHI: Display: * VK_KHR_external_fence_capabilities
[2026.07.02-03.38.53:699][  0]LogVulkanRHI: Display: * VK_KHR_external_memory_capabilities
[2026.07.02-03.38.53:700][  0]LogVulkanRHI: Display: * VK_KHR_external_semaphore_capabilities
[2026.07.02-03.38.53:700][  0]LogVulkanRHI: Display: * VK_KHR_get_display_properties2
[2026.07.02-03.38.53:700][  0]LogVulkanRHI: Display: * VK_KHR_get_physical_device_properties2
[2026.07.02-03.38.53:700][  0]LogVulkanRHI: Display: * VK_KHR_get_surface_capabilities2
[2026.07.02-03.38.53:700][  0]LogVulkanRHI: Display: * VK_KHR_portability_enumeration
[2026.07.02-03.38.53:700][  0]LogVulkanRHI: Display: * VK_KHR_surface
[2026.07.02-03.38.53:700][  0]LogVulkanRHI: Display: * VK_KHR_surface_protected_capabilities
[2026.07.02-03.38.53:700][  0]LogVulkanRHI: Display: * VK_KHR_wayland_surface
[2026.07.02-03.38.53:700][  0]LogVulkanRHI: Display: * VK_KHR_xcb_surface
[2026.07.02-03.38.53:700][  0]LogVulkanRHI: Display: * VK_KHR_xlib_surface
[2026.07.02-03.38.53:700][  0]LogVulkanRHI: Display: * VK_LUNARG_direct_driver_loading
Error [GENERAL |  | OpenXR-Loader] : RuntimeManifestFile::FindManifestFiles - failed to determine active runtime file path for this environment
Error [GENERAL | xrEnumerateInstanceExtensionProperties | OpenXR-Loader] : RuntimeInterface::LoadRuntimes - unknown error
Error [GENERAL | xrEnumerateInstanceExtensionProperties | OpenXR-Loader] : RuntimeInterface::LoadRuntimes - failed to load a runtime
Error [GENERAL | xrEnumerateInstanceExtensionProperties | OpenXR-Loader] : Failed to find default runtime with RuntimeInterface::LoadRuntime()
Error [GENERAL | xrEnumerateInstanceExtensionProperties | OpenXR-Loader] : Failed querying extension properties
[2026.07.02-03.38.53:700][  0]LogHMD: Failed to enumerate extensions. Please check that you have a valid OpenXR runtime installed.
[2026.07.02-03.38.53:700][  0]LogVulkanRHI: Display: Not using instance layers
[2026.07.02-03.38.53:700][  0]LogVulkanRHI: Display: Using instance extensions
[2026.07.02-03.38.53:700][  0]LogVulkanRHI: Display: * VK_KHR_external_memory_capabilities
[2026.07.02-03.38.53:700][  0]LogVulkanRHI: Display: * VK_KHR_get_physical_device_properties2
[2026.07.02-03.38.53:730][  0]LogRHI: Warning: Failed to find entry point for vkDestroySurfaceKHR
[2026.07.02-03.38.53:730][  0]LogRHI: Warning: Failed to find entry point for vkGetPhysicalDeviceSurfaceSupportKHR
[2026.07.02-03.38.53:730][  0]LogRHI: Warning: Failed to find entry point for vkGetPhysicalDeviceSurfaceCapabilitiesKHR
[2026.07.02-03.38.53:730][  0]LogRHI: Warning: Failed to find entry point for vkGetPhysicalDeviceSurfaceFormatsKHR
[2026.07.02-03.38.53:730][  0]LogRHI: Warning: Failed to find entry point for vkGetPhysicalDeviceSurfacePresentModesKHR
[2026.07.02-03.38.53:730][  0]LogVulkanRHI: Display: Found 1 device(s)
[2026.07.02-03.38.53:730][  0]LogVulkanRHI: Display: Device 0: NVIDIA GeForce RTX 4050 Laptop GPU
[2026.07.02-03.38.53:731][  0]LogVulkanRHI: Display: - API 1.4.329(0x404149) Driver 0x94d1c140 VendorId 0x10de
[2026.07.02-03.38.53:731][  0]LogVulkanRHI: Display: - DeviceID 0x28a1 Type Discrete GPU
[2026.07.02-03.38.53:731][  0]LogVulkanRHI: Display: - Max Descriptor Sets Bound 32 Timestamps 1
[2026.07.02-03.38.53:731][  0]LogVulkanRHI: Display: - Device Properties driverName: NVIDIA
[2026.07.02-03.38.53:731][  0]LogVulkanRHI: Display: - Device Properties driverInfo: 595.71.05
[2026.07.02-03.38.53:731][  0]LogVulkanRHI: Display: -    Found device layer VK_LAYER_MESA_device_select
[2026.07.02-03.38.53:731][  0]LogVulkanRHI: Display: -    Found device layer VK_LAYER_NV_optimus
[2026.07.02-03.38.53:731][  0]LogVulkanRHI: Display: -    Found device extension VK_AMD_buffer_marker
[2026.07.02-03.38.53:731][  0]LogVulkanRHI: Display: -    Found device extension VK_EXT_4444_formats
[2026.07.02-03.38.53:731][  0]LogVulkanRHI: Display: -    Found device extension VK_EXT_attachment_feedback_loop_dynamic_state
[2026.07.02-03.38.53:731][  0]LogVulkanRHI: Display: -    Found device extension VK_EXT_attachment_feedback_loop_layout
[2026.07.02-03.38.53:731][  0]LogVulkanRHI: Display: -    Found device extension VK_EXT_blend_operation_advanced
[2026.07.02-03.38.53:731][  0]LogVulkanRHI: Display: -    Found device extension VK_EXT_border_color_swizzle
[2026.07.02-03.38.53:731][  0]LogVulkanRHI: Display: -    Found device extension VK_EXT_buffer_device_address
[2026.07.02-03.38.53:731][  0]LogVulkanRHI: Display: -    Found device extension VK_EXT_calibrated_timestamps
[2026.07.02-03.38.53:731][  0]LogVulkanRHI: Display: -    Found device extension VK_EXT_color_write_enable
[2026.07.02-03.38.53:731][  0]LogVulkanRHI: Display: -    Found device extension VK_EXT_conditional_rendering
[2026.07.02-03.38.53:731][  0]LogVulkanRHI: Display: -    Found device extension VK_EXT_conservative_rasterization
[2026.07.02-03.38.53:731][  0]LogVulkanRHI: Display: -    Found device extension VK_EXT_custom_border_color
[2026.07.02-03.38.53:731][  0]LogVulkanRHI: Display: -    Found device extension VK_EXT_custom_resolve
[2026.07.02-03.38.53:731][  0]LogVulkanRHI: Display: -    Found device extension VK_EXT_depth_bias_control
[2026.07.02-03.38.53:731][  0]LogVulkanRHI: Display: -    Found device extension VK_EXT_depth_clamp_control
[2026.07.02-03.38.53:731][  0]LogVulkanRHI: Display: -    Found device extension VK_EXT_depth_clamp_zero_one
[2026.07.02-03.38.53:731][  0]LogVulkanRHI: Display: -    Found device extension VK_EXT_depth_clip_control
[2026.07.02-03.38.53:731][  0]LogVulkanRHI: Display: -    Found device extension VK_EXT_depth_clip_enable
[2026.07.02-03.38.53:731][  0]LogVulkanRHI: Display: -    Found device extension VK_EXT_depth_range_unrestricted
[2026.07.02-03.38.53:731][  0]LogVulkanRHI: Display: -    Found device extension VK_EXT_descriptor_buffer
[2026.07.02-03.38.53:731][  0]LogVulkanRHI: Display: -    Found device extension VK_EXT_descriptor_heap
[2026.07.02-03.38.53:731][  0]LogVulkanRHI: Display: -    Found device extension VK_EXT_descriptor_indexing
[2026.07.02-03.38.53:731][  0]LogVulkanRHI: Display: -    Found device extension VK_EXT_device_address_binding_report
[2026.07.02-03.38.53:731][  0]LogVulkanRHI: Display: -    Found device extension VK_EXT_device_fault
[2026.07.02-03.38.53:731][  0]LogVulkanRHI: Display: -    Found device extension VK_EXT_device_generated_commands
[2026.07.02-03.38.53:731][  0]LogVulkanRHI: Display: -    Found device extension VK_EXT_discard_rectangles
[2026.07.02-03.38.53:731][  0]LogVulkanRHI: Display: -    Found device extension VK_EXT_display_control
[2026.07.02-03.38.53:731][  0]LogVulkanRHI: Display: -    Found device extension VK_EXT_dynamic_rendering_unused_attachments
[2026.07.02-03.38.53:731][  0]LogVulkanRHI: Display: -    Found device extension VK_EXT_extended_dynamic_state
[2026.07.02-03.38.53:731][  0]LogVulkanRHI: Display: -    Found device extension VK_EXT_extended_dynamic_state2
[2026.07.02-03.38.53:731][  0]LogVulkanRHI: Display: -    Found device extension VK_EXT_extended_dynamic_state3
[2026.07.02-03.38.53:731][  0]LogVulkanRHI: Display: -    Found device extension VK_EXT_external_memory_dma_buf
[2026.07.02-03.38.53:731][  0]LogVulkanRHI: Display: -    Found device extension VK_EXT_external_memory_host
[2026.07.02-03.38.53:731][  0]LogVulkanRHI: Display: -    Found device extension VK_EXT_fragment_shader_interlock
[2026.07.02-03.38.53:731][  0]LogVulkanRHI: Display: -    Found device extension VK_EXT_global_priority
[2026.07.02-03.38.53:731][  0]LogVulkanRHI: Display: -    Found device extension VK_EXT_global_priority_query
[2026.07.02-03.38.53:731][  0]LogVulkanRHI: Display: -    Found device extension VK_EXT_graphics_pipeline_library
[2026.07.02-03.38.53:731][  0]LogVulkanRHI: Display: -    Found device extension VK_EXT_hdr_metadata
[2026.07.02-03.38.53:731][  0]LogVulkanRHI: Display: -    Found device extension VK_EXT_host_image_copy
[2026.07.02-03.38.53:731][  0]LogVulkanRHI: Display: -    Found device extension VK_EXT_host_query_reset
[2026.07.02-03.38.53:731][  0]LogVulkanRHI: Display: -    Found device extension VK_EXT_image_2d_view_of_3d
[2026.07.02-03.38.53:731][  0]LogVulkanRHI: Display: -    Found device extension VK_EXT_image_drm_format_modifier
[2026.07.02-03.38.53:731][  0]LogVulkanRHI: Display: -    Found device extension VK_EXT_image_robustness
[2026.07.02-03.38.53:731][  0]LogVulkanRHI: Display: -    Found device extension VK_EXT_image_sliced_view_of_3d
[2026.07.02-03.38.53:731][  0]LogVulkanRHI: Display: -    Found device extension VK_EXT_image_view_min_lod
[2026.07.02-03.38.53:731][  0]LogVulkanRHI: Display: -    Found device extension VK_EXT_index_type_uint8
[2026.07.02-03.38.53:731][  0]LogVulkanRHI: Display: -    Found device extension VK_EXT_inline_uniform_block
[2026.07.02-03.38.53:731][  0]LogVulkanRHI: Display: -    Found device extension VK_EXT_legacy_vertex_attributes
[2026.07.02-03.38.53:731][  0]LogVulkanRHI: Display: -    Found device extension VK_EXT_line_rasterization
[2026.07.02-03.38.53:731][  0]LogVulkanRHI: Display: -    Found device extension VK_EXT_load_store_op_none
[2026.07.02-03.38.53:731][  0]LogVulkanRHI: Display: -    Found device extension VK_EXT_map_memory_placed
[2026.07.02-03.38.53:731][  0]LogVulkanRHI: Display: -    Found device extension VK_EXT_memory_budget
[2026.07.02-03.38.53:731][  0]LogVulkanRHI: Display: -    Found device extension VK_EXT_memory_decompression
[2026.07.02-03.38.53:731][  0]LogVulkanRHI: Display: -    Found device extension VK_EXT_memory_priority
[2026.07.02-03.38.53:731][  0]LogVulkanRHI: Display: -    Found device extension VK_EXT_mesh_shader
[2026.07.02-03.38.53:731][  0]LogVulkanRHI: Display: -    Found device extension VK_EXT_multi_draw
[2026.07.02-03.38.53:731][  0]LogVulkanRHI: Display: -    Found device extension VK_EXT_mutable_descriptor_type
[2026.07.02-03.38.53:731][  0]LogVulkanRHI: Display: -    Found device extension VK_EXT_nested_command_buffer
[2026.07.02-03.38.53:731][  0]LogVulkanRHI: Display: -    Found device extension VK_EXT_non_seamless_cube_map
[2026.07.02-03.38.53:731][  0]LogVulkanRHI: Display: -    Found device extension VK_EXT_opacity_micromap
[2026.07.02-03.38.53:731][  0]LogVulkanRHI: Display: -    Found device extension VK_EXT_pageable_device_local_memory
[2026.07.02-03.38.53:731][  0]LogVulkanRHI: Display: -    Found device extension VK_EXT_pci_bus_info
[2026.07.02-03.38.53:731][  0]LogVulkanRHI: Display: -    Found device extension VK_EXT_physical_device_drm
[2026.07.02-03.38.53:731][  0]LogVulkanRHI: Display: -    Found device extension VK_EXT_pipeline_creation_cache_control
[2026.07.02-03.38.53:731][  0]LogVulkanRHI: Display: -    Found device extension VK_EXT_pipeline_creation_feedback
[2026.07.02-03.38.53:731][  0]LogVulkanRHI: Display: -    Found device extension VK_EXT_pipeline_library_group_handles
[2026.07.02-03.38.53:731][  0]LogVulkanRHI: Display: -    Found device extension VK_EXT_pipeline_robustness
[2026.07.02-03.38.53:731][  0]LogVulkanRHI: Display: -    Found device extension VK_EXT_post_depth_coverage
[2026.07.02-03.38.53:731][  0]LogVulkanRHI: Display: -    Found device extension VK_EXT_present_mode_fifo_latest_ready
[2026.07.02-03.38.53:731][  0]LogVulkanRHI: Display: -    Found device extension VK_EXT_present_timing
[2026.07.02-03.38.53:731][  0]LogVulkanRHI: Display: -    Found device extension VK_EXT_primitive_topology_list_restart
[2026.07.02-03.38.53:731][  0]LogVulkanRHI: Display: -    Found device extension VK_EXT_primitives_generated_query
[2026.07.02-03.38.53:731][  0]LogVulkanRHI: Display: -    Found device extension VK_EXT_private_data
[2026.07.02-03.38.53:731][  0]LogVulkanRHI: Display: -    Found device extension VK_EXT_provoking_vertex
[2026.07.02-03.38.53:731][  0]LogVulkanRHI: Display: -    Found device extension VK_EXT_queue_family_foreign
[2026.07.02-03.38.53:731][  0]LogVulkanRHI: Display: -    Found device extension VK_EXT_ray_tracing_invocation_reorder
[2026.07.02-03.38.53:731][  0]LogVulkanRHI: Display: -    Found device extension VK_EXT_robustness2
[2026.07.02-03.38.53:731][  0]LogVulkanRHI: Display: -    Found device extension VK_EXT_sample_locations
[2026.07.02-03.38.53:731][  0]LogVulkanRHI: Display: -    Found device extension VK_EXT_sampler_filter_minmax
[2026.07.02-03.38.53:731][  0]LogVulkanRHI: Display: -    Found device extension VK_EXT_scalar_block_layout
[2026.07.02-03.38.53:731][  0]LogVulkanRHI: Display: -    Found device extension VK_EXT_separate_stencil_usage
[2026.07.02-03.38.53:731][  0]LogVulkanRHI: Display: -    Found device extension VK_EXT_shader_64bit_indexing
[2026.07.02-03.38.53:731][  0]LogVulkanRHI: Display: -    Found device extension VK_EXT_shader_atomic_float
[2026.07.02-03.38.53:731][  0]LogVulkanRHI: Display: -    Found device extension VK_EXT_shader_demote_to_helper_invocation
[2026.07.02-03.38.53:731][  0]LogVulkanRHI: Display: -    Found device extension VK_EXT_shader_float8
[2026.07.02-03.38.53:731][  0]LogVulkanRHI: Display: -    Found device extension VK_EXT_shader_image_atomic_int64
[2026.07.02-03.38.53:731][  0]LogVulkanRHI: Display: -    Found device extension VK_EXT_shader_module_identifier
[2026.07.02-03.38.53:731][  0]LogVulkanRHI: Display: -    Found device extension VK_EXT_shader_object
[2026.07.02-03.38.53:731][  0]LogVulkanRHI: Display: -    Found device extension VK_EXT_shader_replicated_composites
[2026.07.02-03.38.53:731][  0]LogVulkanRHI: Display: -    Found device extension VK_EXT_shader_subgroup_ballot
[2026.07.02-03.38.53:731][  0]LogVulkanRHI: Display: -    Found device extension VK_EXT_shader_subgroup_vote
[2026.07.02-03.38.53:731][  0]LogVulkanRHI: Display: -    Found device extension VK_EXT_shader_uniform_buffer_unsized_array
[2026.07.02-03.38.53:731][  0]LogVulkanRHI: Display: -    Found device extension VK_EXT_shader_viewport_index_layer
[2026.07.02-03.38.53:731][  0]LogVulkanRHI: Display: -    Found device extension VK_EXT_subgroup_size_control
[2026.07.02-03.38.53:731][  0]LogVulkanRHI: Display: -    Found device extension VK_EXT_swapchain_maintenance1
[2026.07.02-03.38.53:731][  0]LogVulkanRHI: Display: -    Found device extension VK_EXT_texel_buffer_alignment
[2026.07.02-03.38.53:731][  0]LogVulkanRHI: Display: -    Found device extension VK_EXT_tooling_info
[2026.07.02-03.38.53:731][  0]LogVulkanRHI: Display: -    Found device extension VK_EXT_transform_feedback
[2026.07.02-03.38.53:731][  0]LogVulkanRHI: Display: -    Found device extension VK_EXT_vertex_attribute_divisor
[2026.07.02-03.38.53:731][  0]LogVulkanRHI: Display: -    Found device extension VK_EXT_vertex_attribute_robustness
[2026.07.02-03.38.53:731][  0]LogVulkanRHI: Display: -    Found device extension VK_EXT_vertex_input_dynamic_state
[2026.07.02-03.38.53:731][  0]LogVulkanRHI: Display: -    Found device extension VK_EXT_ycbcr_2plane_444_formats
[2026.07.02-03.38.53:731][  0]LogVulkanRHI: Display: -    Found device extension VK_EXT_ycbcr_image_arrays
[2026.07.02-03.38.53:731][  0]LogVulkanRHI: Display: -    Found device extension VK_EXT_zero_initialize_device_memory
[2026.07.02-03.38.53:731][  0]LogVulkanRHI: Display: -    Found device extension VK_GOOGLE_hlsl_functionality1
[2026.07.02-03.38.53:731][  0]LogVulkanRHI: Display: -    Found device extension VK_GOOGLE_user_type
[2026.07.02-03.38.53:731][  0]LogVulkanRHI: Display: -    Found device extension VK_KHR_16bit_storage
[2026.07.02-03.38.53:731][  0]LogVulkanRHI: Display: -    Found device extension VK_KHR_8bit_storage
[2026.07.02-03.38.53:731][  0]LogVulkanRHI: Display: -    Found device extension VK_KHR_acceleration_structure
[2026.07.02-03.38.53:731][  0]LogVulkanRHI: Display: -    Found device extension VK_KHR_bind_memory2
[2026.07.02-03.38.53:731][  0]LogVulkanRHI: Display: -    Found device extension VK_KHR_buffer_device_address
[2026.07.02-03.38.53:731][  0]LogVulkanRHI: Display: -    Found device extension VK_KHR_calibrated_timestamps
[2026.07.02-03.38.53:731][  0]LogVulkanRHI: Display: -    Found device extension VK_KHR_compute_shader_derivatives
[2026.07.02-03.38.53:731][  0]LogVulkanRHI: Display: -    Found device extension VK_KHR_cooperative_matrix
[2026.07.02-03.38.53:731][  0]LogVulkanRHI: Display: -    Found device extension VK_KHR_copy_commands2
[2026.07.02-03.38.53:731][  0]LogVulkanRHI: Display: -    Found device extension VK_KHR_copy_memory_indirect
[2026.07.02-03.38.53:731][  0]LogVulkanRHI: Display: -    Found device extension VK_KHR_create_renderpass2
[2026.07.02-03.38.53:731][  0]LogVulkanRHI: Display: -    Found device extension VK_KHR_dedicated_allocation
[2026.07.02-03.38.53:731][  0]LogVulkanRHI: Display: -    Found device extension VK_KHR_deferred_host_operations
[2026.07.02-03.38.53:731][  0]LogVulkanRHI: Display: -    Found device extension VK_KHR_depth_clamp_zero_one
[2026.07.02-03.38.53:731][  0]LogVulkanRHI: Display: -    Found device extension VK_KHR_depth_stencil_resolve
[2026.07.02-03.38.53:731][  0]LogVulkanRHI: Display: -    Found device extension VK_KHR_descriptor_update_template
[2026.07.02-03.38.53:731][  0]LogVulkanRHI: Display: -    Found device extension VK_KHR_device_group
[2026.07.02-03.38.53:731][  0]LogVulkanRHI: Display: -    Found device extension VK_KHR_draw_indirect_count
[2026.07.02-03.38.53:731][  0]LogVulkanRHI: Display: -    Found device extension VK_KHR_driver_properties
[2026.07.02-03.38.53:731][  0]LogVulkanRHI: Display: -    Found device extension VK_KHR_dynamic_rendering
[2026.07.02-03.38.53:731][  0]LogVulkanRHI: Display: -    Found device extension VK_KHR_dynamic_rendering_local_read
[2026.07.02-03.38.53:731][  0]LogVulkanRHI: Display: -    Found device extension VK_KHR_external_fence
[2026.07.02-03.38.53:731][  0]LogVulkanRHI: Display: -    Found device extension VK_KHR_external_fence_fd
[2026.07.02-03.38.53:731][  0]LogVulkanRHI: Display: -    Found device extension VK_KHR_external_memory
[2026.07.02-03.38.53:731][  0]LogVulkanRHI: Display: -    Found device extension VK_KHR_external_memory_fd
[2026.07.02-03.38.53:731][  0]LogVulkanRHI: Display: -    Found device extension VK_KHR_external_semaphore
[2026.07.02-03.38.53:731][  0]LogVulkanRHI: Display: -    Found device extension VK_KHR_external_semaphore_fd
[2026.07.02-03.38.53:731][  0]LogVulkanRHI: Display: -    Found device extension VK_KHR_format_feature_flags2
[2026.07.02-03.38.53:731][  0]LogVulkanRHI: Display: -    Found device extension VK_KHR_fragment_shader_barycentric
[2026.07.02-03.38.53:731][  0]LogVulkanRHI: Display: -    Found device extension VK_KHR_fragment_shading_rate
[2026.07.02-03.38.53:731][  0]LogVulkanRHI: Display: -    Found device extension VK_KHR_get_memory_requirements2
[2026.07.02-03.38.53:731][  0]LogVulkanRHI: Display: -    Found device extension VK_KHR_global_priority
[2026.07.02-03.38.53:731][  0]LogVulkanRHI: Display: -    Found device extension VK_KHR_image_format_list
[2026.07.02-03.38.53:731][  0]LogVulkanRHI: Display: -    Found device extension VK_KHR_imageless_framebuffer
[2026.07.02-03.38.53:731][  0]LogVulkanRHI: Display: -    Found device extension VK_KHR_incremental_present
[2026.07.02-03.38.53:731][  0]LogVulkanRHI: Display: -    Found device extension VK_KHR_index_type_uint8
[2026.07.02-03.38.53:731][  0]LogVulkanRHI: Display: -    Found device extension VK_KHR_line_rasterization
[2026.07.02-03.38.53:731][  0]LogVulkanRHI: Display: -    Found device extension VK_KHR_load_store_op_none
[2026.07.02-03.38.53:731][  0]LogVulkanRHI: Display: -    Found device extension VK_KHR_maintenance1
[2026.07.02-03.38.53:731][  0]LogVulkanRHI: Display: -    Found device extension VK_KHR_maintenance10
[2026.07.02-03.38.53:731][  0]LogVulkanRHI: Display: -    Found device extension VK_KHR_maintenance2
[2026.07.02-03.38.53:731][  0]LogVulkanRHI: Display: -    Found device extension VK_KHR_maintenance3
[2026.07.02-03.38.53:731][  0]LogVulkanRHI: Display: -    Found device extension VK_KHR_maintenance4
[2026.07.02-03.38.53:731][  0]LogVulkanRHI: Display: -    Found device extension VK_KHR_maintenance5
[2026.07.02-03.38.53:731][  0]LogVulkanRHI: Display: -    Found device extension VK_KHR_maintenance6
[2026.07.02-03.38.53:731][  0]LogVulkanRHI: Display: -    Found device extension VK_KHR_maintenance7
[2026.07.02-03.38.53:731][  0]LogVulkanRHI: Display: -    Found device extension VK_KHR_maintenance8
[2026.07.02-03.38.53:731][  0]LogVulkanRHI: Display: -    Found device extension VK_KHR_maintenance9
[2026.07.02-03.38.53:731][  0]LogVulkanRHI: Display: -    Found device extension VK_KHR_map_memory2
[2026.07.02-03.38.53:731][  0]LogVulkanRHI: Display: -    Found device extension VK_KHR_multiview
[2026.07.02-03.38.53:731][  0]LogVulkanRHI: Display: -    Found device extension VK_KHR_pipeline_binary
[2026.07.02-03.38.53:731][  0]LogVulkanRHI: Display: -    Found device extension VK_KHR_pipeline_executable_properties
[2026.07.02-03.38.53:731][  0]LogVulkanRHI: Display: -    Found device extension VK_KHR_pipeline_library
[2026.07.02-03.38.53:731][  0]LogVulkanRHI: Display: -    Found device extension VK_KHR_present_id
[2026.07.02-03.38.53:731][  0]LogVulkanRHI: Display: -    Found device extension VK_KHR_present_id2
[2026.07.02-03.38.53:731][  0]LogVulkanRHI: Display: -    Found device extension VK_KHR_present_mode_fifo_latest_ready
[2026.07.02-03.38.53:731][  0]LogVulkanRHI: Display: -    Found device extension VK_KHR_present_wait
[2026.07.02-03.38.53:731][  0]LogVulkanRHI: Display: -    Found device extension VK_KHR_present_wait2
[2026.07.02-03.38.53:731][  0]LogVulkanRHI: Display: -    Found device extension VK_KHR_push_descriptor
[2026.07.02-03.38.53:731][  0]LogVulkanRHI: Display: -    Found device extension VK_KHR_ray_query
[2026.07.02-03.38.53:731][  0]LogVulkanRHI: Display: -    Found device extension VK_KHR_ray_tracing_maintenance1
[2026.07.02-03.38.53:731][  0]LogVulkanRHI: Display: -    Found device extension VK_KHR_ray_tracing_pipeline
[2026.07.02-03.38.53:731][  0]LogVulkanRHI: Display: -    Found device extension VK_KHR_ray_tracing_position_fetch
[2026.07.02-03.38.53:731][  0]LogVulkanRHI: Display: -    Found device extension VK_KHR_relaxed_block_layout
[2026.07.02-03.38.53:731][  0]LogVulkanRHI: Display: -    Found device extension VK_KHR_robustness2
[2026.07.02-03.38.53:731][  0]LogVulkanRHI: Display: -    Found device extension VK_KHR_sampler_mirror_clamp_to_edge
[2026.07.02-03.38.53:731][  0]LogVulkanRHI: Display: -    Found device extension VK_KHR_sampler_ycbcr_conversion
[2026.07.02-03.38.53:731][  0]LogVulkanRHI: Display: -    Found device extension VK_KHR_separate_depth_stencil_layouts
[2026.07.02-03.38.53:731][  0]LogVulkanRHI: Display: -    Found device extension VK_KHR_shader_atomic_int64
[2026.07.02-03.38.53:731][  0]LogVulkanRHI: Display: -    Found device extension VK_KHR_shader_bfloat16
[2026.07.02-03.38.53:731][  0]LogVulkanRHI: Display: -    Found device extension VK_KHR_shader_clock
[2026.07.02-03.38.53:731][  0]LogVulkanRHI: Display: -    Found device extension VK_KHR_shader_draw_parameters
[2026.07.02-03.38.53:731][  0]LogVulkanRHI: Display: -    Found device extension VK_KHR_shader_expect_assume
[2026.07.02-03.38.53:731][  0]LogVulkanRHI: Display: -    Found device extension VK_KHR_shader_float16_int8
[2026.07.02-03.38.53:731][  0]LogVulkanRHI: Display: -    Found device extension VK_KHR_shader_float_controls
[2026.07.02-03.38.53:731][  0]LogVulkanRHI: Display: -    Found device extension VK_KHR_shader_float_controls2
[2026.07.02-03.38.53:731][  0]LogVulkanRHI: Display: -    Found device extension VK_KHR_shader_fma
[2026.07.02-03.38.53:731][  0]LogVulkanRHI: Display: -    Found device extension VK_KHR_shader_integer_dot_product
[2026.07.02-03.38.53:731][  0]LogVulkanRHI: Display: -    Found device extension VK_KHR_shader_maximal_reconvergence
[2026.07.02-03.38.53:731][  0]LogVulkanRHI: Display: -    Found device extension VK_KHR_shader_non_semantic_info
[2026.07.02-03.38.53:731][  0]LogVulkanRHI: Display: -    Found device extension VK_KHR_shader_quad_control
[2026.07.02-03.38.53:731][  0]LogVulkanRHI: Display: -    Found device extension VK_KHR_shader_relaxed_extended_instruction
[2026.07.02-03.38.53:731][  0]LogVulkanRHI: Display: -    Found device extension VK_KHR_shader_subgroup_extended_types
[2026.07.02-03.38.53:731][  0]LogVulkanRHI: Display: -    Found device extension VK_KHR_shader_subgroup_rotate
[2026.07.02-03.38.53:731][  0]LogVulkanRHI: Display: -    Found device extension VK_KHR_shader_subgroup_uniform_control_flow
[2026.07.02-03.38.53:731][  0]LogVulkanRHI: Display: -    Found device extension VK_KHR_shader_terminate_invocation
[2026.07.02-03.38.53:731][  0]LogVulkanRHI: Display: -    Found device extension VK_KHR_shader_untyped_pointers
[2026.07.02-03.38.53:731][  0]LogVulkanRHI: Display: -    Found device extension VK_KHR_shared_presentable_image
[2026.07.02-03.38.53:731][  0]LogVulkanRHI: Display: -    Found device extension VK_KHR_spirv_1_4
[2026.07.02-03.38.53:731][  0]LogVulkanRHI: Display: -    Found device extension VK_KHR_storage_buffer_storage_class
[2026.07.02-03.38.53:731][  0]LogVulkanRHI: Display: -    Found device extension VK_KHR_swapchain
[2026.07.02-03.38.53:731][  0]LogVulkanRHI: Display: -    Found device extension VK_KHR_swapchain_maintenance1
[2026.07.02-03.38.53:731][  0]LogVulkanRHI: Display: -    Found device extension VK_KHR_swapchain_mutable_format
[2026.07.02-03.38.53:731][  0]LogVulkanRHI: Display: -    Found device extension VK_KHR_synchronization2
[2026.07.02-03.38.53:731][  0]LogVulkanRHI: Display: -    Found device extension VK_KHR_timeline_semaphore
[2026.07.02-03.38.53:731][  0]LogVulkanRHI: Display: -    Found device extension VK_KHR_unified_image_layouts
[2026.07.02-03.38.53:731][  0]LogVulkanRHI: Display: -    Found device extension VK_KHR_uniform_buffer_standard_layout
[2026.07.02-03.38.53:731][  0]LogVulkanRHI: Display: -    Found device extension VK_KHR_variable_pointers
[2026.07.02-03.38.53:731][  0]LogVulkanRHI: Display: -    Found device extension VK_KHR_vertex_attribute_divisor
[2026.07.02-03.38.53:731][  0]LogVulkanRHI: Display: -    Found device extension VK_KHR_video_decode_av1
[2026.07.02-03.38.53:731][  0]LogVulkanRHI: Display: -    Found device extension VK_KHR_video_decode_h264
[2026.07.02-03.38.53:731][  0]LogVulkanRHI: Display: -    Found device extension VK_KHR_video_decode_h265
[2026.07.02-03.38.53:731][  0]LogVulkanRHI: Display: -    Found device extension VK_KHR_video_decode_queue
[2026.07.02-03.38.53:731][  0]LogVulkanRHI: Display: -    Found device extension VK_KHR_video_decode_vp9
[2026.07.02-03.38.53:731][  0]LogVulkanRHI: Display: -    Found device extension VK_KHR_video_encode_av1
[2026.07.02-03.38.53:731][  0]LogVulkanRHI: Display: -    Found device extension VK_KHR_video_encode_h264
[2026.07.02-03.38.53:731][  0]LogVulkanRHI: Display: -    Found device extension VK_KHR_video_encode_h265
[2026.07.02-03.38.53:731][  0]LogVulkanRHI: Display: -    Found device extension VK_KHR_video_encode_intra_refresh
[2026.07.02-03.38.53:731][  0]LogVulkanRHI: Display: -    Found device extension VK_KHR_video_encode_quantization_map
[2026.07.02-03.38.53:731][  0]LogVulkanRHI: Display: -    Found device extension VK_KHR_video_encode_queue
[2026.07.02-03.38.53:731][  0]LogVulkanRHI: Display: -    Found device extension VK_KHR_video_maintenance1
[2026.07.02-03.38.53:731][  0]LogVulkanRHI: Display: -    Found device extension VK_KHR_video_maintenance2
[2026.07.02-03.38.53:731][  0]LogVulkanRHI: Display: -    Found device extension VK_KHR_video_queue
[2026.07.02-03.38.53:731][  0]LogVulkanRHI: Display: -    Found device extension VK_KHR_vulkan_memory_model
[2026.07.02-03.38.53:731][  0]LogVulkanRHI: Display: -    Found device extension VK_KHR_workgroup_memory_explicit_layout
[2026.07.02-03.38.53:731][  0]LogVulkanRHI: Display: -    Found device extension VK_KHR_zero_initialize_workgroup_memory
[2026.07.02-03.38.53:731][  0]LogVulkanRHI: Display: -    Found device extension VK_NV_clip_space_w_scaling
[2026.07.02-03.38.53:731][  0]LogVulkanRHI: Display: -    Found device extension VK_NV_cluster_acceleration_structure
[2026.07.02-03.38.53:731][  0]LogVulkanRHI: Display: -    Found device extension VK_NV_compute_occupancy_priority
[2026.07.02-03.38.53:731][  0]LogVulkanRHI: Display: -    Found device extension VK_NV_compute_shader_derivatives
[2026.07.02-03.38.53:731][  0]LogVulkanRHI: Display: -    Found device extension VK_NV_cooperative_matrix
[2026.07.02-03.38.53:731][  0]LogVulkanRHI: Display: -    Found device extension VK_NV_cooperative_matrix2
[2026.07.02-03.38.53:731][  0]LogVulkanRHI: Display: -    Found device extension VK_NV_cooperative_vector
[2026.07.02-03.38.53:731][  0]LogVulkanRHI: Display: -    Found device extension VK_NV_copy_memory_indirect
[2026.07.02-03.38.53:731][  0]LogVulkanRHI: Display: -    Found device extension VK_NV_corner_sampled_image
[2026.07.02-03.38.53:731][  0]LogVulkanRHI: Display: -    Found device extension VK_NV_coverage_reduction_mode
[2026.07.02-03.38.53:731][  0]LogVulkanRHI: Display: -    Found device extension VK_NV_cuda_kernel_launch
[2026.07.02-03.38.53:731][  0]LogVulkanRHI: Display: -    Found device extension VK_NV_dedicated_allocation
[2026.07.02-03.38.53:731][  0]LogVulkanRHI: Display: -    Found device extension VK_NV_dedicated_allocation_image_aliasing
[2026.07.02-03.38.53:731][  0]LogVulkanRHI: Display: -    Found device extension VK_NV_descriptor_pool_overallocation
[2026.07.02-03.38.53:731][  0]LogVulkanRHI: Display: -    Found device extension VK_NV_device_diagnostic_checkpoints
[2026.07.02-03.38.53:731][  0]LogVulkanRHI: Display: -    Found device extension VK_NV_device_diagnostics_config
[2026.07.02-03.38.53:731][  0]LogVulkanRHI: Display: -    Found device extension VK_NV_device_generated_commands
[2026.07.02-03.38.53:731][  0]LogVulkanRHI: Display: -    Found device extension VK_NV_device_generated_commands_compute
[2026.07.02-03.38.53:731][  0]LogVulkanRHI: Display: -    Found device extension VK_NV_disk_cache_utils
[2026.07.02-03.38.53:731][  0]LogVulkanRHI: Display: -    Found device extension VK_NV_extended_sparse_address_space
[2026.07.02-03.38.53:731][  0]LogVulkanRHI: Display: -    Found device extension VK_NV_fill_rectangle
[2026.07.02-03.38.53:731][  0]LogVulkanRHI: Display: -    Found device extension VK_NV_fragment_coverage_to_color
[2026.07.02-03.38.53:731][  0]LogVulkanRHI: Display: -    Found device extension VK_NV_fragment_shader_barycentric
[2026.07.02-03.38.53:731][  0]LogVulkanRHI: Display: -    Found device extension VK_NV_fragment_shading_rate_enums
[2026.07.02-03.38.53:731][  0]LogVulkanRHI: Display: -    Found device extension VK_NV_framebuffer_mixed_samples
[2026.07.02-03.38.53:731][  0]LogVulkanRHI: Display: -    Found device extension VK_NV_geometry_shader_passthrough
[2026.07.02-03.38.53:731][  0]LogVulkanRHI: Display: -    Found device extension VK_NV_inherited_viewport_scissor
[2026.07.02-03.38.53:731][  0]LogVulkanRHI: Display: -    Found device extension VK_NV_internal_nvpresent
[2026.07.02-03.38.53:731][  0]LogVulkanRHI: Display: -    Found device extension VK_NV_linear_color_attachment
[2026.07.02-03.38.53:731][  0]LogVulkanRHI: Display: -    Found device extension VK_NV_low_latency
[2026.07.02-03.38.53:731][  0]LogVulkanRHI: Display: -    Found device extension VK_NV_low_latency2
[2026.07.02-03.38.53:731][  0]LogVulkanRHI: Display: -    Found device extension VK_NV_memory_decompression
[2026.07.02-03.38.53:731][  0]LogVulkanRHI: Display: -    Found device extension VK_NV_mesh_shader
[2026.07.02-03.38.53:731][  0]LogVulkanRHI: Display: -    Found device extension VK_NV_optical_flow
[2026.07.02-03.38.53:731][  0]LogVulkanRHI: Display: -    Found device extension VK_NV_partitioned_acceleration_structure
[2026.07.02-03.38.53:731][  0]LogVulkanRHI: Display: -    Found device extension VK_NV_present_metering
[2026.07.02-03.38.53:731][  0]LogVulkanRHI: Display: -    Found device extension VK_NV_raw_access_chains
[2026.07.02-03.38.53:731][  0]LogVulkanRHI: Display: -    Found device extension VK_NV_ray_tracing
[2026.07.02-03.38.53:731][  0]LogVulkanRHI: Display: -    Found device extension VK_NV_ray_tracing_invocation_reorder
[2026.07.02-03.38.53:731][  0]LogVulkanRHI: Display: -    Found device extension VK_NV_ray_tracing_motion_blur
[2026.07.02-03.38.53:731][  0]LogVulkanRHI: Display: -    Found device extension VK_NV_representative_fragment_test
[2026.07.02-03.38.53:731][  0]LogVulkanRHI: Display: -    Found device extension VK_NV_sample_mask_override_coverage
[2026.07.02-03.38.53:731][  0]LogVulkanRHI: Display: -    Found device extension VK_NV_scissor_exclusive
[2026.07.02-03.38.53:731][  0]LogVulkanRHI: Display: -    Found device extension VK_NV_shader_atomic_float16_vector
[2026.07.02-03.38.53:731][  0]LogVulkanRHI: Display: -    Found device extension VK_NV_shader_image_footprint
[2026.07.02-03.38.53:731][  0]LogVulkanRHI: Display: -    Found device extension VK_NV_shader_sm_builtins
[2026.07.02-03.38.53:731][  0]LogVulkanRHI: Display: -    Found device extension VK_NV_shader_subgroup_partitioned
[2026.07.02-03.38.53:731][  0]LogVulkanRHI: Display: -    Found device extension VK_NV_shading_rate_image
[2026.07.02-03.38.53:731][  0]LogVulkanRHI: Display: -    Found device extension VK_NV_viewport_array2
[2026.07.02-03.38.53:731][  0]LogVulkanRHI: Display: -    Found device extension VK_NV_viewport_swizzle
[2026.07.02-03.38.53:731][  0]LogVulkanRHI: Display: -    Found device extension VK_NVX_binary_import
[2026.07.02-03.38.53:731][  0]LogVulkanRHI: Display: -    Found device extension VK_NVX_image_view_handle
[2026.07.02-03.38.53:731][  0]LogVulkanRHI: Display: -    Found device extension VK_NVX_multiview_per_view_attributes
[2026.07.02-03.38.53:731][  0]LogVulkanRHI: Display: Using Device 0: Geometry 1 Tessellation 1 BufferAtomic64 1
[2026.07.02-03.38.53:731][  0]LogVulkanRHI: Display: Found 6 Queue Families
[2026.07.02-03.38.53:731][  0]LogVulkanRHI: Display: Initializing Queue Family 0: 16 queues Gfx Compute Xfer Sparse
[2026.07.02-03.38.53:731][  0]LogVulkanRHI: Display: Initializing Queue Family 1: 2 queues Xfer Sparse
[2026.07.02-03.38.53:731][  0]LogVulkanRHI: Display: Skipping unnecessary Queue Family 2: 8 queues Compute Xfer Sparse
[2026.07.02-03.38.53:731][  0]LogVulkanRHI: Display: Skipping unnecessary Queue Family 3: 1 queues Xfer Sparse
[2026.07.02-03.38.53:731][  0]LogVulkanRHI: Display: Skipping unnecessary Queue Family 4: 1 queues Xfer Sparse
[2026.07.02-03.38.53:731][  0]LogVulkanRHI: Display: Skipping unnecessary Queue Family 5: 1 queues Xfer Sparse
[2026.07.02-03.38.54:252][  0]LogVulkanRHI: Display: Using device layers
[2026.07.02-03.38.54:252][  0]LogVulkanRHI: Display: Using device extensions
[2026.07.02-03.38.54:252][  0]LogVulkanRHI: Display: * VK_KHR_driver_properties
[2026.07.02-03.38.54:252][  0]LogVulkanRHI: Display: * VK_KHR_get_memory_requirements2
[2026.07.02-03.38.54:252][  0]LogVulkanRHI: Display: * VK_KHR_dedicated_allocation
[2026.07.02-03.38.54:252][  0]LogVulkanRHI: Display: * VK_KHR_swapchain
[2026.07.02-03.38.54:252][  0]LogVulkanRHI: Display: * VK_KHR_maintenance1
[2026.07.02-03.38.54:252][  0]LogVulkanRHI: Display: * VK_KHR_maintenance2
[2026.07.02-03.38.54:252][  0]LogVulkanRHI: Display: * VK_EXT_memory_budget
[2026.07.02-03.38.54:252][  0]LogVulkanRHI: Display: * VK_EXT_scalar_block_layout
[2026.07.02-03.38.54:252][  0]LogVulkanRHI: Display: * VK_EXT_memory_priority
[2026.07.02-03.38.54:252][  0]LogVulkanRHI: Display: * VK_KHR_shader_atomic_int64
[2026.07.02-03.38.54:252][  0]LogVulkanRHI: Display: * VK_KHR_image_format_list
[2026.07.02-03.38.54:252][  0]LogVulkanRHI: Display: 2 Device Memory Heaps; Max memory allocations -1
[2026.07.02-03.38.54:252][  0]LogVulkanRHI: Display:  0: Flags 0x1 Size 6439305216 (6141.00 MB) GPU
[2026.07.02-03.38.54:252][  0]LogVulkanRHI: Display:  1: Flags 0x0 Size 24841814016 (23691.00 MB) 
[2026.07.02-03.38.54:252][  0]LogVulkanRHI: Display: 5 Device Memory Types (Not unified)
[2026.07.02-03.38.54:252][  0]LogVulkanRHI: Display:  1: Flags 0x00001 Heap  0  Local                                         
[2026.07.02-03.38.54:252][  0]LogVulkanRHI: Display:  4: Flags 0x00007 Heap  0  Local HostVisible HostCoherent                
[2026.07.02-03.38.54:252][  0]LogVulkanRHI: Display:  0: Flags 0x00000 Heap  1                                                
[2026.07.02-03.38.54:252][  0]LogVulkanRHI: Display:  2: Flags 0x00006 Heap  1        HostVisible HostCoherent                
[2026.07.02-03.38.54:252][  0]LogVulkanRHI: Display:  3: Flags 0x0000e Heap  1        HostVisible HostCoherent HostCached     
[2026.07.02-03.38.54:252][  0]LogVulkanRHI: Display: Host Allocation Percentage   0.00% -          0.00MB / 5664.125MB
[2026.07.02-03.38.54:252][  0]LogVulkanRHI: Display: Memory Budget
[2026.07.02-03.38.54:252][  0]LogVulkanRHI: Display: 	         | Usage                     | Budget          | Size            |
[2026.07.02-03.38.54:252][  0]LogVulkanRHI: Display: 	---------|---------------------------------------------------------------|
[2026.07.02-03.38.54:252][  0]LogVulkanRHI: Display: 	 HEAP 00 |   0.00% /         0.188mb |      5664.125mb |      6141.000mb |
[2026.07.02-03.38.54:252][  0]LogVulkanRHI: Display: 	 HEAP 01 |   0.09% /        20.266mb |     23691.000mb |     23691.000mb |
[2026.07.02-03.38.54:252][  0]LogVulkanRHI: Display: 	---------|---------------------------------------------------------------|
[2026.07.02-03.38.54:262][  0]LogVulkanRHI: Display: FVulkanPipelineStateCacheManager: Binary pipeline cache '../../../Blocks/Saved/VulkanPSO.cache.10de.28a1' not found.
[2026.07.02-03.38.54:263][  0]LogVulkanRHI: Display: Nvidia User Driver Version = 595.71
Error [GENERAL |  | OpenXR-Loader] : RuntimeManifestFile::FindManifestFiles - failed to determine active runtime file path for this environment
Error [GENERAL | xrEnumerateInstanceExtensionProperties | OpenXR-Loader] : RuntimeInterface::LoadRuntimes - unknown error
Error [GENERAL | xrEnumerateInstanceExtensionProperties | OpenXR-Loader] : RuntimeInterface::LoadRuntimes - failed to load a runtime
Error [GENERAL | xrEnumerateInstanceExtensionProperties | OpenXR-Loader] : Failed to find default runtime with RuntimeInterface::LoadRuntime()
Error [GENERAL | xrEnumerateInstanceExtensionProperties | OpenXR-Loader] : Failed querying extension properties
[2026.07.02-03.38.54:269][  0]LogHMD: Failed to enumerate extensions. Please check that you have a valid OpenXR runtime installed.
[2026.07.02-03.38.54:269][  0]LogRHI: Texture pool is 4298 MB (70% of 6141 MB)
[2026.07.02-03.38.54:269][  0]LogRendererCore: Ray tracing is disabled. Reason: r.RayTracing=0.
[2026.07.02-03.38.54:274][  0]LogShaderLibrary: Display: Using ../../../Blocks/Content/ShaderArchive-Global-SF_VULKAN_SM5.ushaderbytecode for material shader code. Total 1868 unique shaders.
[2026.07.02-03.38.54:274][  0]LogShaderLibrary: Display: Cooked Context: Using Shared Shader Library Global
[2026.07.02-03.38.54:274][  0]LogShaderLibrary: Display: Logical shader library 'Global' has been created, components 1
[2026.07.02-03.38.54:274][  0]LogTemp: Warning: Clearing the OS Cache
[2026.07.02-03.38.54:274][  0]LogODSC: ODSC Thread active.
[2026.07.02-03.38.54:276][  0]LogPakFile: New pak file ../../../Blocks/Content/Paks/Blocks-LinuxNoEditor.pak added to pak precacher.
[2026.07.02-03.38.54:291][  0]LogSlate: Using FreeType 2.10.0
[2026.07.02-03.38.54:291][  0]LogSlate: SlateFontServices - WITH_FREETYPE: 1, WITH_HARFBUZZ: 1
Error [GENERAL |  | OpenXR-Loader] : RuntimeManifestFile::FindManifestFiles - failed to determine active runtime file path for this environment
Error [GENERAL | xrEnumerateInstanceExtensionProperties | OpenXR-Loader] : RuntimeInterface::LoadRuntimes - unknown error
Error [GENERAL | xrEnumerateInstanceExtensionProperties | OpenXR-Loader] : RuntimeInterface::LoadRuntimes - failed to load a runtime
Error [GENERAL | xrEnumerateInstanceExtensionProperties | OpenXR-Loader] : Failed to find default runtime with RuntimeInterface::LoadRuntime()
Error [GENERAL | xrEnumerateInstanceExtensionProperties | OpenXR-Loader] : Failed querying extension properties
[2026.07.02-03.38.54:291][  0]LogHMD: Failed to enumerate extensions. Please check that you have a valid OpenXR runtime installed.
[2026.07.02-03.38.54:313][  0]LogShaderLibrary: Display: Using ../../../Blocks/Content/ShaderArchive-Blocks-SF_VULKAN_SM5.ushaderbytecode for material shader code. Total 2405 unique shaders.
[2026.07.02-03.38.54:313][  0]LogShaderLibrary: Display: Cooked Context: Using Shared Shader Library Blocks
[2026.07.02-03.38.54:313][  0]LogShaderLibrary: Display: Logical shader library 'Blocks' has been created, components 1
[2026.07.02-03.38.54:313][  0]LogRHI: Display: Opened pipeline cache after state change and enqueued 0 of 0 tasks for precompile.
[2026.07.02-03.38.54:313][  0]LogShaderLibrary: Display: Using ../../../Blocks/Content/ShaderArchive-Blocks-SF_VULKAN_SM5.ushaderbytecode for material shader code. Total 2405 unique shaders.
[2026.07.02-03.38.54:313][  0]LogShaderLibrary: Display: Cooked Context: Using Shared Shader Library Blocks
[2026.07.02-03.38.54:313][  0]LogRHI: Display: Opened pipeline cache after state change and enqueued 0 of 0 tasks for precompile.
[2026.07.02-03.38.54:313][  0]LogRHI: Display: Failed to open default shader pipeline cache for Blocks using shader platform 20.
[2026.07.02-03.38.54:313][  0]LogRHI: Display: Failed to open default shader pipeline cache for Blocks using shader platform 20.
[2026.07.02-03.38.54:313][  0]LogInit: Using OS detected language (en-US).
[2026.07.02-03.38.54:313][  0]LogInit: Using OS detected locale (en-US).
[2026.07.02-03.38.54:313][  0]LogTextLocalizationManager: No localization for 'en-US' exists, so 'en' will be used for the language.
[2026.07.02-03.38.54:313][  0]LogTextLocalizationManager: No localization for 'en-US' exists, so 'en' will be used for the locale.
[2026.07.02-03.38.54:313][  0]LogSlate: FontCache flush requested. Reason: Culture for localization was changed
[2026.07.02-03.38.54:313][  0]LogSlate: FontCache flush requested. Reason: Culture for localization was changed
[2026.07.02-03.38.54:314][  0]LogAssetRegistry: FAssetRegistry took 0.0002 seconds to start up
[2026.07.02-03.38.54:349][  0]LogTextLocalizationManager: Compacting localization data took   1.39ms
[2026.07.02-03.38.54:349][  0]LogStreaming: Display: FlushAsyncLoading: 1 QueuedPackages, 0 AsyncPackages
[2026.07.02-03.38.54:349][  0]LogPackageLocalizationCache: Processed 23 localized package path(s) for 1 prioritized culture(s) in 0.000029 seconds
[2026.07.02-03.38.54:353][  0]LogSerialization: Display: AllowBulkDataInIoStore: 'true'
[2026.07.02-03.38.54:353][  0]LogLinux: Selected Device Profile: [LinuxNoEditor]
[2026.07.02-03.38.54:353][  0]LogInit: Active device profile: [0x7c5bf348ab40][0x7c5ba26d6dc0 49] LinuxNoEditor
[2026.07.02-03.38.54:353][  0]LogInit: Profiles: [0x7c5bf348a6c0][0x7c5bf2590010 49] Linux, [0x7c5bf348ab40][0x7c5ba26d6dc0 49] LinuxNoEditor, 
[2026.07.02-03.38.54:357][  0]LogNetVersion: Blocks 1.0.0, NetCL: 17155196, EngineNetVer: 17, GameNetVer: 0 (Checksum: 1941898228)
[2026.07.02-03.38.54:406][  0]LogAudioCaptureCore: Display: No Audio Capture implementations found. Audio input will be silent.
[2026.07.02-03.38.54:406][  0]LogAudioCaptureCore: Display: No Audio Capture implementations found. Audio input will be silent.
[2026.07.02-03.38.54:417][  0]LogMoviePlayer: Initializing movie player
[2026.07.02-03.38.54:459][  0]LogSlate: InvalidateAllWidgets triggered.  All widgets were invalidated
[2026.07.02-03.38.54:459][  0]LogSlate: Slate font cache was flushed
[2026.07.02-03.38.54:462][  0]LogTemp: StartupModule: AirSim plugin
[2026.07.02-03.38.54:462][  0]LogNiagaraDebuggerClient: Niagara Debugger Client Initialized | Session: B5B919973620423A937B6C0EC2B600C1 | Instance: EF6BC96C21AC489EAB48BCE2E774C8E0 (linux-70524).
[2026.07.02-03.38.54:463][  0]LogAndroidPermission: UAndroidPermissionCallbackProxy::GetInstance
[2026.07.02-03.38.54:469][  0]LogUObjectArray: 15511 objects as part of root set at end of initial load.
[2026.07.02-03.38.54:469][  0]LogUObjectArray: 2 objects are not in the root set, but can never be destroyed because they are in the DisregardForGC set.
[2026.07.02-03.38.54:469][  0]LogUObjectAllocator: 3208424 out of 0 bytes used by permanent object pool.
[2026.07.02-03.38.54:469][  0]LogUObjectArray: CloseDisregardForGC: 15511/15511 objects in disregard for GC pool
[2026.07.02-03.38.54:488][  0]LogEngine: Initializing Engine...
[2026.07.02-03.38.54:489][  0]LogStats: UGameplayTagsManager::InitializeManager -  0.000 s
[2026.07.02-03.38.54:547][  0]LogInit: Initializing FReadOnlyCVARCache
[2026.07.02-03.38.54:547][  0]LogNetVersion: Set ProjectVersion to 1.0.0.0. Version Checksum will be recalculated on next use.
[2026.07.02-03.38.54:547][  0]LogInit: Texture streaming: Enabled
[2026.07.02-03.38.54:548][  0]LogSlate: Updating window title bar state: overlay mode, drag disabled, window buttons hidden, title bar hidden
[2026.07.02-03.38.54:548][  0]LogInit: Display: Game Engine Initialized.
[2026.07.02-03.38.54:548][  0]LogInit: Display: Starting Game.
[2026.07.02-03.38.54:548][  0]LogNet: Browse: /Game/FlyingCPP/Maps/FlyingExampleMap?Name=Player
[2026.07.02-03.38.54:548][  0]LogLoad: LoadMap: /Game/FlyingCPP/Maps/FlyingExampleMap?Name=Player
[2026.07.02-03.38.54:548][  0]LogWorld: BeginTearingDown for /Temp/Untitled_0
[2026.07.02-03.38.54:549][  0]LogWorld: UWorld::CleanupWorld for Untitled, bSessionEnded=true, bCleanupResources=true
[2026.07.02-03.38.54:549][  0]LogSlate: InvalidateAllWidgets triggered.  All widgets were invalidated
[2026.07.02-03.38.54:561][  0]LogUObjectHash: Compacting FUObjectHashTables data took   0.29ms
[2026.07.02-03.38.54:627][  0]LogAIModule: Creating AISystem for world FlyingExampleMap
[2026.07.02-03.38.54:627][  0]LogLoad: Game class is 'AirSimGameMode'
[2026.07.02-03.38.54:628][  0]LogWorld: Bringing World /Game/FlyingCPP/Maps/FlyingExampleMap.FlyingExampleMap up for play (max tick rate 0) at 2026.07.01-20.38.54
[2026.07.02-03.38.54:628][  0]LogWorld: Bringing up level for play took: 0.000768
[2026.07.02-03.38.54:640][  0]LogPackageName: SearchForPackageOnDisk took   0.011s, but failed to resolve .
[2026.07.02-03.38.54:640][  0]r.CustomDepth = "3"
[2026.07.02-03.38.54:640][  0]LogLevel: WORLD TRANSLATION BEGIN {0, 0, 0} -> {5690, -100, 202}
[2026.07.02-03.38.54:641][  0]LogLevel: WORLD TRANSLATION END {5690, -100, 202} took 0.0607 ms
[2026.07.02-03.38.54:641][  0]LogActor: Warning: BP_CameraDirector_C /Game/FlyingCPP/Maps/FlyingExampleMap.FlyingExampleMap:PersistentLevel.CameraDirector has natively added scene component(s), but none of them were set as the actor's RootComponent - picking one arbitrarily
[2026.07.02-03.38.54:646][  0]LogTemp: Opening mavlink connection
Opening mavlink connection
[2026.07.02-03.38.54:646][  0]LogTemp: Disconnecting mavlink vehicle
Disconnecting mavlink vehicle
Waiting for mavlink vehicle...
Disconnecting mavlink vehicle
Waiting for TCP connection on port 4560, local IP 127.0.0.1
Connected to SITL over TCP.
Connecting to PX4 Control UDP port 14540, local IP 127.0.0.1, remote IP 127.0.0.1 ...
received first heartbeat
Ground control connected over UDP.
[2026.07.02-03.38.54:653][  0]LogTemp: Waiting for mavlink vehicle...
[2026.07.02-03.38.54:654][  0]LogTemp: Disconnecting mavlink vehicle
[2026.07.02-03.38.54:654][  0]LogTemp: Waiting for TCP connection on port 4560, local IP 127.0.0.1
[2026.07.02-03.38.54:654][  0]LogTemp: Connected to SITL over TCP.
[2026.07.02-03.38.54:654][  0]LogTemp: Connecting to PX4 Control UDP port 14540, local IP 127.0.0.1, remote IP 127.0.0.1 ...
[2026.07.02-03.38.54:654][  0]LogTemp: received first heartbeat
[2026.07.02-03.38.54:654][  0]LogTemp: Ground control connected over UDP.
[2026.07.02-03.38.54:654][  0]LogScript: Warning: Script Msg: Attempted to access index 0 from array 'CallFunc_GetAllActorsOfClass_OutActors' of length 0 in '/AirSim/Weather/WeatherFX/WeatherActor.WeatherActor_C:ExecuteUbergraph_WeatherActor'!
[2026.07.02-03.38.54:654][  0]LogTemp: Interceptor
Interceptor
Resizing viewport due to setres change, 640 x 480
[2026.07.02-03.38.54:655][  0]LogLoad: Took 0.106766 seconds to LoadMap(/Game/FlyingCPP/Maps/FlyingExampleMap)
[2026.07.02-03.38.54:655][  0]LogSlate: Took 0.000183 seconds to synchronously load lazily loaded font '../../../Engine/Content/EngineFonts/Faces/RobotoBold.ufont' (160K)
[2026.07.02-03.38.54:662][  0]LogSlate: Took 0.000161 seconds to synchronously load lazily loaded font '../../../Engine/Content/Slate/Fonts/Roboto-Regular.ttf' (155K)
[2026.07.02-03.38.54:663][  0]LogRHI: Display: ShaderPipelineCache: Paused Batching. 1
[2026.07.02-03.38.54:663][  0]LogPakFile: AllPaks IndexSizes: DirectoryHashSize=240888, PathHashSize=16, EntriesSize=36864, TotalSize=277768
[2026.07.02-03.38.54:663][  0]LogRHI: Display: ShaderPipelineCache: Resumed Batching. 0
[2026.07.02-03.38.54:663][  0]LogRHI: Display: ShaderPipelineCache: Batching Resumed.
[2026.07.02-03.38.54:663][  0]LogInit: Display: Engine is initialized. Leaving FEngineLoop::Init()
[2026.07.02-03.38.54:663][  0]LogLoad: (Engine Initialization) Total time: 1.11 seconds
[2026.07.02-03.38.54:663][  0]LogInit: Adding external input plugin.
[2026.07.02-03.38.54:663][  0]LogInit: Adding external input plugin.
[2026.07.02-03.38.54:664][  0]LogContentStreaming: Texture pool size now 1000 MB
[2026.07.02-03.38.54:665][  1]r.VSync = "0"
Error [GENERAL |  | OpenXR-Loader] : RuntimeManifestFile::FindManifestFiles - failed to determine active runtime file path for this environment
Error [GENERAL | xrEnumerateInstanceExtensionProperties | OpenXR-Loader] : RuntimeInterface::LoadRuntimes - unknown error
Error [GENERAL | xrEnumerateInstanceExtensionProperties | OpenXR-Loader] : RuntimeInterface::LoadRuntimes - failed to load a runtime
Error [GENERAL | xrEnumerateInstanceExtensionProperties | OpenXR-Loader] : Failed to find default runtime with RuntimeInterface::LoadRuntime()
Error [GENERAL | xrEnumerateInstanceExtensionProperties | OpenXR-Loader] : Failed querying extension properties
[2026.07.02-03.38.54:681][  2]LogHMD: Failed to enumerate extensions. Please check that you have a valid OpenXR runtime installed.
[2026.07.02-03.38.54:681][  2]LogRenderer: Reallocating scene render targets to support 128x128 Format 10 NumSamples 1 (Frame:0).
Error [GENERAL |  | OpenXR-Loader] : RuntimeManifestFile::FindManifestFiles - failed to determine active runtime file path for this environment
Error [GENERAL | xrEnumerateInstanceExtensionProperties | OpenXR-Loader] : RuntimeInterface::LoadRuntimes - unknown error
Error [GENERAL | xrEnumerateInstanceExtensionProperties | OpenXR-Loader] : RuntimeInterface::LoadRuntimes - failed to load a runtime
Error [GENERAL | xrEnumerateInstanceExtensionProperties | OpenXR-Loader] : Failed to find default runtime with RuntimeInterface::LoadRuntime()
Error [GENERAL | xrEnumerateInstanceExtensionProperties | OpenXR-Loader] : Failed querying extension properties
[2026.07.02-03.38.54:699][  2]LogHMD: Failed to enumerate extensions. Please check that you have a valid OpenXR runtime installed.
Error [GENERAL |  | OpenXR-Loader] : RuntimeManifestFile::FindManifestFiles - failed to determine active runtime file path for this environment
Error [GENERAL | xrEnumerateInstanceExtensionProperties | OpenXR-Loader] : RuntimeInterface::LoadRuntimes - unknown error
Error [GENERAL | xrEnumerateInstanceExtensionProperties | OpenXR-Loader] : RuntimeInterface::LoadRuntimes - failed to load a runtime
Error [GENERAL | xrEnumerateInstanceExtensionProperties | OpenXR-Loader] : Failed to find default runtime with RuntimeInterface::LoadRuntime()
Error [GENERAL | xrEnumerateInstanceExtensionProperties | OpenXR-Loader] : Failed querying extension properties
Error [GENERAL |  | OpenXR-Loader] : RuntimeManifestFile::FindManifestFiles - failed to determine active runtime file path for this environment
Error [GENERAL | xrEnumerateInstanceExtensionProperties | OpenXR-Loader] : RuntimeInterface::LoadRuntimes - unknown error
Error [GENERAL | xrEnumerateInstanceExtensionProperties | OpenXR-Loader] : RuntimeInterface::LoadRuntimes - failed to load a runtime
Error [GENERAL | xrEnumerateInstanceExtensionProperties | OpenXR-Loader] : Failed to find default runtime with RuntimeInterface::LoadRuntime()
Error [GENERAL | xrEnumerateInstanceExtensionProperties | OpenXR-Loader] : Failed querying extension properties
[2026.07.02-03.38.54:702][  2]LogHMD: Failed to enumerate extensions. Please check that you have a valid OpenXR runtime installed.
[2026.07.02-03.38.54:702][  2]LogHMD: Failed to enumerate extensions. Please check that you have a valid OpenXR runtime installed.
Error [GENERAL |  | OpenXR-Loader] : RuntimeManifestFile::FindManifestFiles - failed to determine active runtime file path for this environment
Error [GENERAL | xrEnumerateInstanceExtensionProperties | OpenXR-Loader] : RuntimeInterface::LoadRuntimes - unknown error
Error [GENERAL | xrEnumerateInstanceExtensionProperties | OpenXR-Loader] : RuntimeInterface::LoadRuntimes - failed to load a runtime
Error [GENERAL | xrEnumerateInstanceExtensionProperties | OpenXR-Loader] : Failed to find default runtime with RuntimeInterface::LoadRuntime()
Error [GENERAL | xrEnumerateInstanceExtensionProperties | OpenXR-Loader] : Failed querying extension properties
Error [GENERAL |  | OpenXR-Loader] : RuntimeManifestFile::FindManifestFiles - failed to determine active runtime file path for this environment
Error [GENERAL | xrEnumerateInstanceExtensionProperties | OpenXR-Loader] : RuntimeInterface::LoadRuntimes - unknown error
Error [GENERAL | xrEnumerateInstanceExtensionProperties | OpenXR-Loader] : RuntimeInterface::LoadRuntimes - failed to load a runtime
Error [GENERAL | xrEnumerateInstanceExtensionProperties | OpenXR-Loader] : Failed to find default runtime with RuntimeInterface::LoadRuntime()
Error [GENERAL | xrEnumerateInstanceExtensionProperties | OpenXR-Loader] : Failed querying extension properties
[2026.07.02-03.38.54:705][  2]LogHMD: Failed to enumerate extensions. Please check that you have a valid OpenXR runtime installed.
[2026.07.02-03.38.54:705][  2]LogHMD: Failed to enumerate extensions. Please check that you have a valid OpenXR runtime installed.
[logger] ./log/2026-07-02/03_38_54.ulg
[2026.07.02-03.38.55:651][312]LogTemp: [logger] ./log/2026-07-02/03_38_54.ulg
Got GPS lock
[2026.07.02-03.38.57:802][963]LogTemp: Got GPS lock
Armed by external command
[2026.07.02-03.39.01:249][273]LogTemp: Armed by external command
MavLinkVehicleImpl::checkOffboard: sending MavCmdNavGuidedEnable 
MavLinkVehicle: confirmed offboard mode
MavLinkVehicle: confirmed offboard mode
Takeoff detected
[2026.07.02-03.39.03:217][516]LogTemp: Takeoff detected
MavLinkVehicle: confirmed offboard mode
MavLinkVehicle: confirmed offboard mode
MavLinkVehicle: confirmed offboard mode
MavLinkVehicle: confirmed offboard mode
MavLinkVehicle: confirmed offboard mode
MavLinkVehicle: confirmed offboard mode
MavLinkVehicle: confirmed offboard mode
MavLinkVehicle: confirmed offboard mode
MavLinkVehicle: confirmed offboard mode
MavLinkVehicle: confirmed offboard mode
MavLinkVehicle: confirmed offboard mode
MavLinkVehicle: confirmed offboard mode
MavLinkVehicle: confirmed offboard mode
MavLinkVehicle: confirmed offboard mode
MavLinkVehicle: confirmed offboard mode
[2026.07.02-03.39.18:433][ 37]LogUObjectHash: Compacting FUObjectHashTables data took   0.97ms
MavLinkVehicle: confirmed offboard mode
MavLinkVehicle: confirmed offboard mode
MavLinkVehicle: confirmed offboard mode
Error [GENERAL |  | OpenXR-Loader] : RuntimeManifestFile::FindManifestFiles - failed to determine active runtime file path for this environment
Error [GENERAL | xrEnumerateInstanceExtensionProperties | OpenXR-Loader] : RuntimeInterface::LoadRuntimes - unknown error
Error [GENERAL | xrEnumerateInstanceExtensionProperties | OpenXR-Loader] : RuntimeInterface::LoadRuntimes - failed to load a runtime
Error [GENERAL | xrEnumerateInstanceExtensionProperties | OpenXR-Loader] : Failed to find default runtime with RuntimeInterface::LoadRuntime()
Error [GENERAL | xrEnumerateInstanceExtensionProperties | OpenXR-Loader] : Failed querying extension properties
[2026.07.02-03.39.21:696][581]LogHMD: Failed to enumerate extensions. Please check that you have a valid OpenXR runtime installed.
[2026.07.02-03.39.21:696][581]LogRenderer: Reallocating scene render targets to support 640x480 Format 10 NumSamples 1 (Frame:1).
MavLinkVehicle: confirmed offboard mode
Error [GENERAL |  | OpenXR-Loader] : RuntimeManifestFile::FindManifestFiles - failed to determine active runtime file path for this environment
Error [GENERAL | xrEnumerateInstanceExtensionProperties | OpenXR-Loader] : RuntimeInterface::LoadRuntimes - unknown error
Error [GENERAL | xrEnumerateInstanceExtensionProperties | OpenXR-Loader] : RuntimeInterface::LoadRuntimes - failed to load a runtime
Error [GENERAL | xrEnumerateInstanceExtensionProperties | OpenXR-Loader] : Failed to find default runtime with RuntimeInterface::LoadRuntime()
Error [GENERAL | xrEnumerateInstanceExtensionProperties | OpenXR-Loader] : Failed querying extension properties
[2026.07.02-03.39.22:633][723]LogHMD: Failed to enumerate extensions. Please check that you have a valid OpenXR runtime installed.
MavLinkVehicle: confirmed offboard mode
Error [GENERAL |  | OpenXR-Loader] : RuntimeManifestFile::FindManifestFiles - failed to determine active runtime file path for this environment
Error [GENERAL | xrEnumerateInstanceExtensionProperties | OpenXR-Loader] : RuntimeInterface::LoadRuntimes - unknown error
Error [GENERAL | xrEnumerateInstanceExtensionProperties | OpenXR-Loader] : RuntimeInterface::LoadRuntimes - failed to load a runtime
Error [GENERAL | xrEnumerateInstanceExtensionProperties | OpenXR-Loader] : Failed to find default runtime with RuntimeInterface::LoadRuntime()
Error [GENERAL | xrEnumerateInstanceExtensionProperties | OpenXR-Loader] : Failed querying extension properties
[2026.07.02-03.39.23:543][739]LogHMD: Failed to enumerate extensions. Please check that you have a valid OpenXR runtime installed.
Error [GENERAL |  | OpenXR-Loader] : RuntimeManifestFile::FindManifestFiles - failed to determine active runtime file path for this environment
Error [GENERAL | xrEnumerateInstanceExtensionProperties | OpenXR-Loader] : RuntimeInterface::LoadRuntimes - unknown error
Error [GENERAL | xrEnumerateInstanceExtensionProperties | OpenXR-Loader] : RuntimeInterface::LoadRuntimes - failed to load a runtime
Error [GENERAL | xrEnumerateInstanceExtensionProperties | OpenXR-Loader] : Failed to find default runtime with RuntimeInterface::LoadRuntime()
Error [GENERAL | xrEnumerateInstanceExtensionProperties | OpenXR-Loader] : Failed querying extension properties
[2026.07.02-03.39.23:671][ 11]LogHMD: Failed to enumerate extensions. Please check that you have a valid OpenXR runtime installed.
MavLinkVehicle: confirmed offboard mode
Error [GENERAL |  | OpenXR-Loader] : RuntimeManifestFile::FindManifestFiles - failed to determine active runtime file path for this environment
Error [GENERAL | xrEnumerateInstanceExtensionProperties | OpenXR-Loader] : RuntimeInterface::LoadRuntimes - unknown error
Error [GENERAL | xrEnumerateInstanceExtensionProperties | OpenXR-Loader] : RuntimeInterface::LoadRuntimes - failed to load a runtime
Error [GENERAL | xrEnumerateInstanceExtensionProperties | OpenXR-Loader] : Failed to find default runtime with RuntimeInterface::LoadRuntime()
Error [GENERAL | xrEnumerateInstanceExtensionProperties | OpenXR-Loader] : Failed querying extension properties
[2026.07.02-03.39.23:794][235]LogHMD: Failed to enumerate extensions. Please check that you have a valid OpenXR runtime installed.
Error [GENERAL |  | OpenXR-Loader] : RuntimeManifestFile::FindManifestFiles - failed to determine active runtime file path for this environment
Error [GENERAL | xrEnumerateInstanceExtensionProperties | OpenXR-Loader] : RuntimeInterface::LoadRuntimes - unknown error
Error [GENERAL | xrEnumerateInstanceExtensionProperties | OpenXR-Loader] : RuntimeInterface::LoadRuntimes - failed to load a runtime
Error [GENERAL | xrEnumerateInstanceExtensionProperties | OpenXR-Loader] : Failed to find default runtime with RuntimeInterface::LoadRuntime()
Error [GENERAL | xrEnumerateInstanceExtensionProperties | OpenXR-Loader] : Failed querying extension properties
[2026.07.02-03.39.23:919][424]LogHMD: Failed to enumerate extensions. Please check that you have a valid OpenXR runtime installed.
Error [GENERAL |  | OpenXR-Loader] : RuntimeManifestFile::FindManifestFiles - failed to determine active runtime file path for this environment
Error [GENERAL | xrEnumerateInstanceExtensionProperties | OpenXR-Loader] : RuntimeInterface::LoadRuntimes - unknown error
Error [GENERAL | xrEnumerateInstanceExtensionProperties | OpenXR-Loader] : RuntimeInterface::LoadRuntimes - failed to load a runtime
Error [GENERAL | xrEnumerateInstanceExtensionProperties | OpenXR-Loader] : Failed to find default runtime with RuntimeInterface::LoadRuntime()
Error [GENERAL | xrEnumerateInstanceExtensionProperties | OpenXR-Loader] : Failed querying extension properties
[2026.07.02-03.39.24:045][632]LogHMD: Failed to enumerate extensions. Please check that you have a valid OpenXR runtime installed.
Error [GENERAL |  | OpenXR-Loader] : RuntimeManifestFile::FindManifestFiles - failed to determine active runtime file path for this environment
Error [GENERAL | xrEnumerateInstanceExtensionProperties | OpenXR-Loader] : RuntimeInterface::LoadRuntimes - unknown error
Error [GENERAL | xrEnumerateInstanceExtensionProperties | OpenXR-Loader] : RuntimeInterface::LoadRuntimes - failed to load a runtime
Error [GENERAL | xrEnumerateInstanceExtensionProperties | OpenXR-Loader] : Failed to find default runtime with RuntimeInterface::LoadRuntime()
Error [GENERAL | xrEnumerateInstanceExtensionProperties | OpenXR-Loader] : Failed querying extension properties
[2026.07.02-03.39.24:169][845]LogHMD: Failed to enumerate extensions. Please check that you have a valid OpenXR runtime installed.
Error [GENERAL |  | OpenXR-Loader] : RuntimeManifestFile::FindManifestFiles - failed to determine active runtime file path for this environment
Error [GENERAL | xrEnumerateInstanceExtensionProperties | OpenXR-Loader] : RuntimeInterface::LoadRuntimes - unknown error
Error [GENERAL | xrEnumerateInstanceExtensionProperties | OpenXR-Loader] : RuntimeInterface::LoadRuntimes - failed to load a runtime
Error [GENERAL | xrEnumerateInstanceExtensionProperties | OpenXR-Loader] : Failed to find default runtime with RuntimeInterface::LoadRuntime()
Error [GENERAL | xrEnumerateInstanceExtensionProperties | OpenXR-Loader] : Failed querying extension properties
[2026.07.02-03.39.24:295][ 92]LogHMD: Failed to enumerate extensions. Please check that you have a valid OpenXR runtime installed.
Error [GENERAL |  | OpenXR-Loader] : RuntimeManifestFile::FindManifestFiles - failed to determine active runtime file path for this environment
Error [GENERAL | xrEnumerateInstanceExtensionProperties | OpenXR-Loader] : RuntimeInterface::LoadRuntimes - unknown error
Error [GENERAL | xrEnumerateInstanceExtensionProperties | OpenXR-Loader] : RuntimeInterface::LoadRuntimes - failed to load a runtime
Error [GENERAL | xrEnumerateInstanceExtensionProperties | OpenXR-Loader] : Failed to find default runtime with RuntimeInterface::LoadRuntime()
Error [GENERAL | xrEnumerateInstanceExtensionProperties | OpenXR-Loader] : Failed querying extension properties
[2026.07.02-03.39.24:420][350]LogHMD: Failed to enumerate extensions. Please check that you have a valid OpenXR runtime installed.
Error [GENERAL |  | OpenXR-Loader] : RuntimeManifestFile::FindManifestFiles - failed to determine active runtime file path for this environment
Error [GENERAL | xrEnumerateInstanceExtensionProperties | OpenXR-Loader] : RuntimeInterface::LoadRuntimes - unknown error
Error [GENERAL | xrEnumerateInstanceExtensionProperties | OpenXR-Loader] : RuntimeInterface::LoadRuntimes - failed to load a runtime
Error [GENERAL | xrEnumerateInstanceExtensionProperties | OpenXR-Loader] : Failed to find default runtime with RuntimeInterface::LoadRuntime()
Error [GENERAL | xrEnumerateInstanceExtensionProperties | OpenXR-Loader] : Failed querying extension properties
[2026.07.02-03.39.24:546][578]LogHMD: Failed to enumerate extensions. Please check that you have a valid OpenXR runtime installed.
Error [GENERAL |  | OpenXR-Loader] : RuntimeManifestFile::FindManifestFiles - failed to determine active runtime file path for this environment
Error [GENERAL | xrEnumerateInstanceExtensionProperties | OpenXR-Loader] : RuntimeInterface::LoadRuntimes - unknown error
Error [GENERAL | xrEnumerateInstanceExtensionProperties | OpenXR-Loader] : RuntimeInterface::LoadRuntimes - failed to load a runtime
Error [GENERAL | xrEnumerateInstanceExtensionProperties | OpenXR-Loader] : Failed to find default runtime with RuntimeInterface::LoadRuntime()
Error [GENERAL | xrEnumerateInstanceExtensionProperties | OpenXR-Loader] : Failed querying extension properties
[2026.07.02-03.39.24:671][766]LogHMD: Failed to enumerate extensions. Please check that you have a valid OpenXR runtime installed.
MavLinkVehicle: confirmed offboard mode
Error [GENERAL |  | OpenXR-Loader] : RuntimeManifestFile::FindManifestFiles - failed to determine active runtime file path for this environment
Error [GENERAL | xrEnumerateInstanceExtensionProperties | OpenXR-Loader] : RuntimeInterface::LoadRuntimes - unknown error
Error [GENERAL | xrEnumerateInstanceExtensionProperties | OpenXR-Loader] : RuntimeInterface::LoadRuntimes - failed to load a runtime
Error [GENERAL | xrEnumerateInstanceExtensionProperties | OpenXR-Loader] : Failed to find default runtime with RuntimeInterface::LoadRuntime()
Error [GENERAL | xrEnumerateInstanceExtensionProperties | OpenXR-Loader] : Failed querying extension properties
[2026.07.02-03.39.24:796][  4]LogHMD: Failed to enumerate extensions. Please check that you have a valid OpenXR runtime installed.
Error [GENERAL |  | OpenXR-Loader] : RuntimeManifestFile::FindManifestFiles - failed to determine active runtime file path for this environment
Error [GENERAL | xrEnumerateInstanceExtensionProperties | OpenXR-Loader] : RuntimeInterface::LoadRuntimes - unknown error
Error [GENERAL | xrEnumerateInstanceExtensionProperties | OpenXR-Loader] : RuntimeInterface::LoadRuntimes - failed to load a runtime
Error [GENERAL | xrEnumerateInstanceExtensionProperties | OpenXR-Loader] : Failed to find default runtime with RuntimeInterface::LoadRuntime()
Error [GENERAL | xrEnumerateInstanceExtensionProperties | OpenXR-Loader] : Failed querying extension properties
[2026.07.02-03.39.24:921][234]LogHMD: Failed to enumerate extensions. Please check that you have a valid OpenXR runtime installed.
Error [GENERAL |  | OpenXR-Loader] : RuntimeManifestFile::FindManifestFiles - failed to determine active runtime file path for this environment
Error [GENERAL | xrEnumerateInstanceExtensionProperties | OpenXR-Loader] : RuntimeInterface::LoadRuntimes - unknown error
Error [GENERAL | xrEnumerateInstanceExtensionProperties | OpenXR-Loader] : RuntimeInterface::LoadRuntimes - failed to load a runtime
Error [GENERAL | xrEnumerateInstanceExtensionProperties | OpenXR-Loader] : Failed to find default runtime with RuntimeInterface::LoadRuntime()
Error [GENERAL | xrEnumerateInstanceExtensionProperties | OpenXR-Loader] : Failed querying extension properties
[2026.07.02-03.39.25:046][442]LogHMD: Failed to enumerate extensions. Please check that you have a valid OpenXR runtime installed.
Error [GENERAL |  | OpenXR-Loader] : RuntimeManifestFile::FindManifestFiles - failed to determine active runtime file path for this environment
Error [GENERAL | xrEnumerateInstanceExtensionProperties | OpenXR-Loader] : RuntimeInterface::LoadRuntimes - unknown error
Error [GENERAL | xrEnumerateInstanceExtensionProperties | OpenXR-Loader] : RuntimeInterface::LoadRuntimes - failed to load a runtime
Error [GENERAL | xrEnumerateInstanceExtensionProperties | OpenXR-Loader] : Failed to find default runtime with RuntimeInterface::LoadRuntime()
Error [GENERAL | xrEnumerateInstanceExtensionProperties | OpenXR-Loader] : Failed querying extension properties
[2026.07.02-03.39.25:172][690]LogHMD: Failed to enumerate extensions. Please check that you have a valid OpenXR runtime installed.
Error [GENERAL |  | OpenXR-Loader] : RuntimeManifestFile::FindManifestFiles - failed to determine active runtime file path for this environment
Error [GENERAL | xrEnumerateInstanceExtensionProperties | OpenXR-Loader] : RuntimeInterface::LoadRuntimes - unknown error
Error [GENERAL | xrEnumerateInstanceExtensionProperties | OpenXR-Loader] : RuntimeInterface::LoadRuntimes - failed to load a runtime
Error [GENERAL | xrEnumerateInstanceExtensionProperties | OpenXR-Loader] : Failed to find default runtime with RuntimeInterface::LoadRuntime()
Error [GENERAL | xrEnumerateInstanceExtensionProperties | OpenXR-Loader] : Failed querying extension properties
[2026.07.02-03.39.25:297][927]LogHMD: Failed to enumerate extensions. Please check that you have a valid OpenXR runtime installed.
Error [GENERAL |  | OpenXR-Loader] : RuntimeManifestFile::FindManifestFiles - failed to determine active runtime file path for this environment
Error [GENERAL | xrEnumerateInstanceExtensionProperties | OpenXR-Loader] : RuntimeInterface::LoadRuntimes - unknown error
Error [GENERAL | xrEnumerateInstanceExtensionProperties | OpenXR-Loader] : RuntimeInterface::LoadRuntimes - failed to load a runtime
Error [GENERAL | xrEnumerateInstanceExtensionProperties | OpenXR-Loader] : Failed to find default runtime with RuntimeInterface::LoadRuntime()
Error [GENERAL | xrEnumerateInstanceExtensionProperties | OpenXR-Loader] : Failed querying extension properties
[2026.07.02-03.39.25:423][173]LogHMD: Failed to enumerate extensions. Please check that you have a valid OpenXR runtime installed.
Error [GENERAL |  | OpenXR-Loader] : RuntimeManifestFile::FindManifestFiles - failed to determine active runtime file path for this environment
Error [GENERAL | xrEnumerateInstanceExtensionProperties | OpenXR-Loader] : RuntimeInterface::LoadRuntimes - unknown error
Error [GENERAL | xrEnumerateInstanceExtensionProperties | OpenXR-Loader] : RuntimeInterface::LoadRuntimes - failed to load a runtime
Error [GENERAL | xrEnumerateInstanceExtensionProperties | OpenXR-Loader] : Failed to find default runtime with RuntimeInterface::LoadRuntime()
Error [GENERAL | xrEnumerateInstanceExtensionProperties | OpenXR-Loader] : Failed querying extension properties
[2026.07.02-03.39.25:547][418]LogHMD: Failed to enumerate extensions. Please check that you have a valid OpenXR runtime installed.
Error [GENERAL |  | OpenXR-Loader] : RuntimeManifestFile::FindManifestFiles - failed to determine active runtime file path for this environment
Error [GENERAL | xrEnumerateInstanceExtensionProperties | OpenXR-Loader] : RuntimeInterface::LoadRuntimes - unknown error
Error [GENERAL | xrEnumerateInstanceExtensionProperties | OpenXR-Loader] : RuntimeInterface::LoadRuntimes - failed to load a runtime
Error [GENERAL | xrEnumerateInstanceExtensionProperties | OpenXR-Loader] : Failed to find default runtime with RuntimeInterface::LoadRuntime()
Error [GENERAL | xrEnumerateInstanceExtensionProperties | OpenXR-Loader] : Failed querying extension properties
[2026.07.02-03.39.25:675][661]LogHMD: Failed to enumerate extensions. Please check that you have a valid OpenXR runtime installed.
MavLinkVehicle: confirmed offboard mode
Error [GENERAL |  | OpenXR-Loader] : RuntimeManifestFile::FindManifestFiles - failed to determine active runtime file path for this environment
Error [GENERAL | xrEnumerateInstanceExtensionProperties | OpenXR-Loader] : RuntimeInterface::LoadRuntimes - unknown error
Error [GENERAL | xrEnumerateInstanceExtensionProperties | OpenXR-Loader] : RuntimeInterface::LoadRuntimes - failed to load a runtime
Error [GENERAL | xrEnumerateInstanceExtensionProperties | OpenXR-Loader] : Failed to find default runtime with RuntimeInterface::LoadRuntime()
Error [GENERAL | xrEnumerateInstanceExtensionProperties | OpenXR-Loader] : Failed querying extension properties
[2026.07.02-03.39.25:798][865]LogHMD: Failed to enumerate extensions. Please check that you have a valid OpenXR runtime installed.
Error [GENERAL |  | OpenXR-Loader] : RuntimeManifestFile::FindManifestFiles - failed to determine active runtime file path for this environment
Error [GENERAL | xrEnumerateInstanceExtensionProperties | OpenXR-Loader] : RuntimeInterface::LoadRuntimes - unknown error
Error [GENERAL | xrEnumerateInstanceExtensionProperties | OpenXR-Loader] : RuntimeInterface::LoadRuntimes - failed to load a runtime
Error [GENERAL | xrEnumerateInstanceExtensionProperties | OpenXR-Loader] : Failed to find default runtime with RuntimeInterface::LoadRuntime()
Error [GENERAL | xrEnumerateInstanceExtensionProperties | OpenXR-Loader] : Failed querying extension properties
[2026.07.02-03.39.25:930][ 50]LogHMD: Failed to enumerate extensions. Please check that you have a valid OpenXR runtime installed.
Error [GENERAL |  | OpenXR-Loader] : RuntimeManifestFile::FindManifestFiles - failed to determine active runtime file path for this environment
Error [GENERAL | xrEnumerateInstanceExtensionProperties | OpenXR-Loader] : RuntimeInterface::LoadRuntimes - unknown error
Error [GENERAL | xrEnumerateInstanceExtensionProperties | OpenXR-Loader] : RuntimeInterface::LoadRuntimes - failed to load a runtime
Error [GENERAL | xrEnumerateInstanceExtensionProperties | OpenXR-Loader] : Failed to find default runtime with RuntimeInterface::LoadRuntime()
Error [GENERAL | xrEnumerateInstanceExtensionProperties | OpenXR-Loader] : Failed querying extension properties
[2026.07.02-03.39.26:055][296]LogHMD: Failed to enumerate extensions. Please check that you have a valid OpenXR runtime installed.
Error [GENERAL |  | OpenXR-Loader] : RuntimeManifestFile::FindManifestFiles - failed to determine active runtime file path for this environment
Error [GENERAL | xrEnumerateInstanceExtensionProperties | OpenXR-Loader] : RuntimeInterface::LoadRuntimes - unknown error
Error [GENERAL | xrEnumerateInstanceExtensionProperties | OpenXR-Loader] : RuntimeInterface::LoadRuntimes - failed to load a runtime
Error [GENERAL | xrEnumerateInstanceExtensionProperties | OpenXR-Loader] : Failed to find default runtime with RuntimeInterface::LoadRuntime()
Error [GENERAL | xrEnumerateInstanceExtensionProperties | OpenXR-Loader] : Failed querying extension properties
[2026.07.02-03.39.26:180][522]LogHMD: Failed to enumerate extensions. Please check that you have a valid OpenXR runtime installed.
Error [GENERAL |  | OpenXR-Loader] : RuntimeManifestFile::FindManifestFiles - failed to determine active runtime file path for this environment
Error [GENERAL | xrEnumerateInstanceExtensionProperties | OpenXR-Loader] : RuntimeInterface::LoadRuntimes - unknown error
Error [GENERAL | xrEnumerateInstanceExtensionProperties | OpenXR-Loader] : RuntimeInterface::LoadRuntimes - failed to load a runtime
Error [GENERAL | xrEnumerateInstanceExtensionProperties | OpenXR-Loader] : Failed to find default runtime with RuntimeInterface::LoadRuntime()
Error [GENERAL | xrEnumerateInstanceExtensionProperties | OpenXR-Loader] : Failed querying extension properties
[2026.07.02-03.39.26:306][784]LogHMD: Failed to enumerate extensions. Please check that you have a valid OpenXR runtime installed.
Error [GENERAL |  | OpenXR-Loader] : RuntimeManifestFile::FindManifestFiles - failed to determine active runtime file path for this environment
Error [GENERAL | xrEnumerateInstanceExtensionProperties | OpenXR-Loader] : RuntimeInterface::LoadRuntimes - unknown error
Error [GENERAL | xrEnumerateInstanceExtensionProperties | OpenXR-Loader] : RuntimeInterface::LoadRuntimes - failed to load a runtime
Error [GENERAL | xrEnumerateInstanceExtensionProperties | OpenXR-Loader] : Failed to find default runtime with RuntimeInterface::LoadRuntime()
Error [GENERAL | xrEnumerateInstanceExtensionProperties | OpenXR-Loader] : Failed querying extension properties
[2026.07.02-03.39.26:432][ 43]LogHMD: Failed to enumerate extensions. Please check that you have a valid OpenXR runtime installed.
Error [GENERAL |  | OpenXR-Loader] : RuntimeManifestFile::FindManifestFiles - failed to determine active runtime file path for this environment
Error [GENERAL | xrEnumerateInstanceExtensionProperties | OpenXR-Loader] : RuntimeInterface::LoadRuntimes - unknown error
Error [GENERAL | xrEnumerateInstanceExtensionProperties | OpenXR-Loader] : RuntimeInterface::LoadRuntimes - failed to load a runtime
Error [GENERAL | xrEnumerateInstanceExtensionProperties | OpenXR-Loader] : Failed to find default runtime with RuntimeInterface::LoadRuntime()
Error [GENERAL | xrEnumerateInstanceExtensionProperties | OpenXR-Loader] : Failed querying extension properties
[2026.07.02-03.39.26:556][259]LogHMD: Failed to enumerate extensions. Please check that you have a valid OpenXR runtime installed.
Error [GENERAL |  | OpenXR-Loader] : RuntimeManifestFile::FindManifestFiles - failed to determine active runtime file path for this environment
Error [GENERAL | xrEnumerateInstanceExtensionProperties | OpenXR-Loader] : RuntimeInterface::LoadRuntimes - unknown error
Error [GENERAL | xrEnumerateInstanceExtensionProperties | OpenXR-Loader] : RuntimeInterface::LoadRuntimes - failed to load a runtime
Error [GENERAL | xrEnumerateInstanceExtensionProperties | OpenXR-Loader] : Failed to find default runtime with RuntimeInterface::LoadRuntime()
Error [GENERAL | xrEnumerateInstanceExtensionProperties | OpenXR-Loader] : Failed querying extension properties
[2026.07.02-03.39.26:682][521]LogHMD: Failed to enumerate extensions. Please check that you have a valid OpenXR runtime installed.
MavLinkVehicle: confirmed offboard mode
Error [GENERAL |  | OpenXR-Loader] : RuntimeManifestFile::FindManifestFiles - failed to determine active runtime file path for this environment
Error [GENERAL | xrEnumerateInstanceExtensionProperties | OpenXR-Loader] : RuntimeInterface::LoadRuntimes - unknown error
Error [GENERAL | xrEnumerateInstanceExtensionProperties | OpenXR-Loader] : RuntimeInterface::LoadRuntimes - failed to load a runtime
Error [GENERAL | xrEnumerateInstanceExtensionProperties | OpenXR-Loader] : Failed to find default runtime with RuntimeInterface::LoadRuntime()
Error [GENERAL | xrEnumerateInstanceExtensionProperties | OpenXR-Loader] : Failed querying extension properties
[2026.07.02-03.39.26:806][747]LogHMD: Failed to enumerate extensions. Please check that you have a valid OpenXR runtime installed.
Error [GENERAL |  | OpenXR-Loader] : RuntimeManifestFile::FindManifestFiles - failed to determine active runtime file path for this environment
Error [GENERAL | xrEnumerateInstanceExtensionProperties | OpenXR-Loader] : RuntimeInterface::LoadRuntimes - unknown error
Error [GENERAL | xrEnumerateInstanceExtensionProperties | OpenXR-Loader] : RuntimeInterface::LoadRuntimes - failed to load a runtime
Error [GENERAL | xrEnumerateInstanceExtensionProperties | OpenXR-Loader] : Failed to find default runtime with RuntimeInterface::LoadRuntime()
Error [GENERAL | xrEnumerateInstanceExtensionProperties | OpenXR-Loader] : Failed querying extension properties
[2026.07.02-03.39.26:932][ 11]LogHMD: Failed to enumerate extensions. Please check that you have a valid OpenXR runtime installed.
Error [GENERAL |  | OpenXR-Loader] : RuntimeManifestFile::FindManifestFiles - failed to determine active runtime file path for this environment
Error [GENERAL | xrEnumerateInstanceExtensionProperties | OpenXR-Loader] : RuntimeInterface::LoadRuntimes - unknown error
Error [GENERAL | xrEnumerateInstanceExtensionProperties | OpenXR-Loader] : RuntimeInterface::LoadRuntimes - failed to load a runtime
Error [GENERAL | xrEnumerateInstanceExtensionProperties | OpenXR-Loader] : Failed to find default runtime with RuntimeInterface::LoadRuntime()
Error [GENERAL | xrEnumerateInstanceExtensionProperties | OpenXR-Loader] : Failed querying extension properties
[2026.07.02-03.39.27:057][267]LogHMD: Failed to enumerate extensions. Please check that you have a valid OpenXR runtime installed.
Error [GENERAL |  | OpenXR-Loader] : RuntimeManifestFile::FindManifestFiles - failed to determine active runtime file path for this environment
Error [GENERAL | xrEnumerateInstanceExtensionProperties | OpenXR-Loader] : RuntimeInterface::LoadRuntimes - unknown error
Error [GENERAL | xrEnumerateInstanceExtensionProperties | OpenXR-Loader] : RuntimeInterface::LoadRuntimes - failed to load a runtime
Error [GENERAL | xrEnumerateInstanceExtensionProperties | OpenXR-Loader] : Failed to find default runtime with RuntimeInterface::LoadRuntime()
Error [GENERAL | xrEnumerateInstanceExtensionProperties | OpenXR-Loader] : Failed querying extension properties
[2026.07.02-03.39.27:182][480]LogHMD: Failed to enumerate extensions. Please check that you have a valid OpenXR runtime installed.
Error [GENERAL |  | OpenXR-Loader] : RuntimeManifestFile::FindManifestFiles - failed to determine active runtime file path for this environment
Error [GENERAL | xrEnumerateInstanceExtensionProperties | OpenXR-Loader] : RuntimeInterface::LoadRuntimes - unknown error
Error [GENERAL | xrEnumerateInstanceExtensionProperties | OpenXR-Loader] : RuntimeInterface::LoadRuntimes - failed to load a runtime
Error [GENERAL | xrEnumerateInstanceExtensionProperties | OpenXR-Loader] : Failed to find default runtime with RuntimeInterface::LoadRuntime()
Error [GENERAL | xrEnumerateInstanceExtensionProperties | OpenXR-Loader] : Failed querying extension properties
[2026.07.02-03.39.27:308][735]LogHMD: Failed to enumerate extensions. Please check that you have a valid OpenXR runtime installed.
Error [GENERAL |  | OpenXR-Loader] : RuntimeManifestFile::FindManifestFiles - failed to determine active runtime file path for this environment
Error [GENERAL | xrEnumerateInstanceExtensionProperties | OpenXR-Loader] : RuntimeInterface::LoadRuntimes - unknown error
Error [GENERAL | xrEnumerateInstanceExtensionProperties | OpenXR-Loader] : RuntimeInterface::LoadRuntimes - failed to load a runtime
Error [GENERAL | xrEnumerateInstanceExtensionProperties | OpenXR-Loader] : Failed to find default runtime with RuntimeInterface::LoadRuntime()
Error [GENERAL | xrEnumerateInstanceExtensionProperties | OpenXR-Loader] : Failed querying extension properties
[2026.07.02-03.39.27:433][  0]LogHMD: Failed to enumerate extensions. Please check that you have a valid OpenXR runtime installed.
Error [GENERAL |  | OpenXR-Loader] : RuntimeManifestFile::FindManifestFiles - failed to determine active runtime file path for this environment
Error [GENERAL | xrEnumerateInstanceExtensionProperties | OpenXR-Loader] : RuntimeInterface::LoadRuntimes - unknown error
Error [GENERAL | xrEnumerateInstanceExtensionProperties | OpenXR-Loader] : RuntimeInterface::LoadRuntimes - failed to load a runtime
Error [GENERAL | xrEnumerateInstanceExtensionProperties | OpenXR-Loader] : Failed to find default runtime with RuntimeInterface::LoadRuntime()
Error [GENERAL | xrEnumerateInstanceExtensionProperties | OpenXR-Loader] : Failed querying extension properties
[2026.07.02-03.39.27:559][247]LogHMD: Failed to enumerate extensions. Please check that you have a valid OpenXR runtime installed.
Error [GENERAL |  | OpenXR-Loader] : RuntimeManifestFile::FindManifestFiles - failed to determine active runtime file path for this environment
Error [GENERAL | xrEnumerateInstanceExtensionProperties | OpenXR-Loader] : RuntimeInterface::LoadRuntimes - unknown error
Error [GENERAL | xrEnumerateInstanceExtensionProperties | OpenXR-Loader] : RuntimeInterface::LoadRuntimes - failed to load a runtime
Error [GENERAL | xrEnumerateInstanceExtensionProperties | OpenXR-Loader] : Failed to find default runtime with RuntimeInterface::LoadRuntime()
Error [GENERAL | xrEnumerateInstanceExtensionProperties | OpenXR-Loader] : Failed querying extension properties
[2026.07.02-03.39.27:684][472]LogHMD: Failed to enumerate extensions. Please check that you have a valid OpenXR runtime installed.
MavLinkVehicle: confirmed offboard mode
Error [GENERAL |  | OpenXR-Loader] : RuntimeManifestFile::FindManifestFiles - failed to determine active runtime file path for this environment
Error [GENERAL | xrEnumerateInstanceExtensionProperties | OpenXR-Loader] : RuntimeInterface::LoadRuntimes - unknown error
Error [GENERAL | xrEnumerateInstanceExtensionProperties | OpenXR-Loader] : RuntimeInterface::LoadRuntimes - failed to load a runtime
Error [GENERAL | xrEnumerateInstanceExtensionProperties | OpenXR-Loader] : Failed to find default runtime with RuntimeInterface::LoadRuntime()
Error [GENERAL | xrEnumerateInstanceExtensionProperties | OpenXR-Loader] : Failed querying extension properties
[2026.07.02-03.39.27:809][707]LogHMD: Failed to enumerate extensions. Please check that you have a valid OpenXR runtime installed.
Error [GENERAL |  | OpenXR-Loader] : RuntimeManifestFile::FindManifestFiles - failed to determine active runtime file path for this environment
Error [GENERAL | xrEnumerateInstanceExtensionProperties | OpenXR-Loader] : RuntimeInterface::LoadRuntimes - unknown error
Error [GENERAL | xrEnumerateInstanceExtensionProperties | OpenXR-Loader] : RuntimeInterface::LoadRuntimes - failed to load a runtime
Error [GENERAL | xrEnumerateInstanceExtensionProperties | OpenXR-Loader] : Failed to find default runtime with RuntimeInterface::LoadRuntime()
Error [GENERAL | xrEnumerateInstanceExtensionProperties | OpenXR-Loader] : Failed querying extension properties
[2026.07.02-03.39.27:933][865]LogHMD: Failed to enumerate extensions. Please check that you have a valid OpenXR runtime installed.
Error [GENERAL |  | OpenXR-Loader] : RuntimeManifestFile::FindManifestFiles - failed to determine active runtime file path for this environment
Error [GENERAL | xrEnumerateInstanceExtensionProperties | OpenXR-Loader] : RuntimeInterface::LoadRuntimes - unknown error
Error [GENERAL | xrEnumerateInstanceExtensionProperties | OpenXR-Loader] : RuntimeInterface::LoadRuntimes - failed to load a runtime
Error [GENERAL | xrEnumerateInstanceExtensionProperties | OpenXR-Loader] : Failed to find default runtime with RuntimeInterface::LoadRuntime()
Error [GENERAL | xrEnumerateInstanceExtensionProperties | OpenXR-Loader] : Failed querying extension properties
[2026.07.02-03.39.28:059][ 80]LogHMD: Failed to enumerate extensions. Please check that you have a valid OpenXR runtime installed.
Error [GENERAL |  | OpenXR-Loader] : RuntimeManifestFile::FindManifestFiles - failed to determine active runtime file path for this environment
Error [GENERAL | xrEnumerateInstanceExtensionProperties | OpenXR-Loader] : RuntimeInterface::LoadRuntimes - unknown error
Error [GENERAL | xrEnumerateInstanceExtensionProperties | OpenXR-Loader] : RuntimeInterface::LoadRuntimes - failed to load a runtime
Error [GENERAL | xrEnumerateInstanceExtensionProperties | OpenXR-Loader] : Failed to find default runtime with RuntimeInterface::LoadRuntime()
Error [GENERAL | xrEnumerateInstanceExtensionProperties | OpenXR-Loader] : Failed querying extension properties
[2026.07.02-03.39.28:185][334]LogHMD: Failed to enumerate extensions. Please check that you have a valid OpenXR runtime installed.
Error [GENERAL |  | OpenXR-Loader] : RuntimeManifestFile::FindManifestFiles - failed to determine active runtime file path for this environment
Error [GENERAL | xrEnumerateInstanceExtensionProperties | OpenXR-Loader] : RuntimeInterface::LoadRuntimes - unknown error
Error [GENERAL | xrEnumerateInstanceExtensionProperties | OpenXR-Loader] : RuntimeInterface::LoadRuntimes - failed to load a runtime
Error [GENERAL | xrEnumerateInstanceExtensionProperties | OpenXR-Loader] : Failed to find default runtime with RuntimeInterface::LoadRuntime()
Error [GENERAL | xrEnumerateInstanceExtensionProperties | OpenXR-Loader] : Failed querying extension properties
[2026.07.02-03.39.28:311][562]LogHMD: Failed to enumerate extensions. Please check that you have a valid OpenXR runtime installed.
Error [GENERAL |  | OpenXR-Loader] : RuntimeManifestFile::FindManifestFiles - failed to determine active runtime file path for this environment
Error [GENERAL | xrEnumerateInstanceExtensionProperties | OpenXR-Loader] : RuntimeInterface::LoadRuntimes - unknown error
Error [GENERAL | xrEnumerateInstanceExtensionProperties | OpenXR-Loader] : RuntimeInterface::LoadRuntimes - failed to load a runtime
Error [GENERAL | xrEnumerateInstanceExtensionProperties | OpenXR-Loader] : Failed to find default runtime with RuntimeInterface::LoadRuntime()
Error [GENERAL | xrEnumerateInstanceExtensionProperties | OpenXR-Loader] : Failed querying extension properties
[2026.07.02-03.39.28:435][769]LogHMD: Failed to enumerate extensions. Please check that you have a valid OpenXR runtime installed.
Error [GENERAL |  | OpenXR-Loader] : RuntimeManifestFile::FindManifestFiles - failed to determine active runtime file path for this environment
Error [GENERAL | xrEnumerateInstanceExtensionProperties | OpenXR-Loader] : RuntimeInterface::LoadRuntimes - unknown error
Error [GENERAL | xrEnumerateInstanceExtensionProperties | OpenXR-Loader] : RuntimeInterface::LoadRuntimes - failed to load a runtime
Error [GENERAL | xrEnumerateInstanceExtensionProperties | OpenXR-Loader] : Failed to find default runtime with RuntimeInterface::LoadRuntime()
Error [GENERAL | xrEnumerateInstanceExtensionProperties | OpenXR-Loader] : Failed querying extension properties
[2026.07.02-03.39.28:561][  1]LogHMD: Failed to enumerate extensions. Please check that you have a valid OpenXR runtime installed.
Error [GENERAL |  | OpenXR-Loader] : RuntimeManifestFile::FindManifestFiles - failed to determine active runtime file path for this environment
Error [GENERAL | xrEnumerateInstanceExtensionProperties | OpenXR-Loader] : RuntimeInterface::LoadRuntimes - unknown error
Error [GENERAL | xrEnumerateInstanceExtensionProperties | OpenXR-Loader] : RuntimeInterface::LoadRuntimes - failed to load a runtime
Error [GENERAL | xrEnumerateInstanceExtensionProperties | OpenXR-Loader] : Failed to find default runtime with RuntimeInterface::LoadRuntime()
Error [GENERAL | xrEnumerateInstanceExtensionProperties | OpenXR-Loader] : Failed querying extension properties
[2026.07.02-03.39.28:686][202]LogHMD: Failed to enumerate extensions. Please check that you have a valid OpenXR runtime installed.
MavLinkVehicle: confirmed offboard mode
Error [GENERAL |  | OpenXR-Loader] : RuntimeManifestFile::FindManifestFiles - failed to determine active runtime file path for this environment
Error [GENERAL | xrEnumerateInstanceExtensionProperties | OpenXR-Loader] : RuntimeInterface::LoadRuntimes - unknown error
Error [GENERAL | xrEnumerateInstanceExtensionProperties | OpenXR-Loader] : RuntimeInterface::LoadRuntimes - failed to load a runtime
Error [GENERAL | xrEnumerateInstanceExtensionProperties | OpenXR-Loader] : Failed to find default runtime with RuntimeInterface::LoadRuntime()
Error [GENERAL | xrEnumerateInstanceExtensionProperties | OpenXR-Loader] : Failed querying extension properties
[2026.07.02-03.39.28:812][445]LogHMD: Failed to enumerate extensions. Please check that you have a valid OpenXR runtime installed.
Error [GENERAL |  | OpenXR-Loader] : RuntimeManifestFile::FindManifestFiles - failed to determine active runtime file path for this environment
Error [GENERAL | xrEnumerateInstanceExtensionProperties | OpenXR-Loader] : RuntimeInterface::LoadRuntimes - unknown error
Error [GENERAL | xrEnumerateInstanceExtensionProperties | OpenXR-Loader] : RuntimeInterface::LoadRuntimes - failed to load a runtime
Error [GENERAL | xrEnumerateInstanceExtensionProperties | OpenXR-Loader] : Failed to find default runtime with RuntimeInterface::LoadRuntime()
Error [GENERAL | xrEnumerateInstanceExtensionProperties | OpenXR-Loader] : Failed querying extension properties
[2026.07.02-03.39.28:937][684]LogHMD: Failed to enumerate extensions. Please check that you have a valid OpenXR runtime installed.
Error [GENERAL |  | OpenXR-Loader] : RuntimeManifestFile::FindManifestFiles - failed to determine active runtime file path for this environment
Error [GENERAL | xrEnumerateInstanceExtensionProperties | OpenXR-Loader] : RuntimeInterface::LoadRuntimes - unknown error
Error [GENERAL | xrEnumerateInstanceExtensionProperties | OpenXR-Loader] : RuntimeInterface::LoadRuntimes - failed to load a runtime
Error [GENERAL | xrEnumerateInstanceExtensionProperties | OpenXR-Loader] : Failed to find default runtime with RuntimeInterface::LoadRuntime()
Error [GENERAL | xrEnumerateInstanceExtensionProperties | OpenXR-Loader] : Failed querying extension properties
[2026.07.02-03.39.29:062][928]LogHMD: Failed to enumerate extensions. Please check that you have a valid OpenXR runtime installed.
Error [GENERAL |  | OpenXR-Loader] : RuntimeManifestFile::FindManifestFiles - failed to determine active runtime file path for this environment
Error [GENERAL | xrEnumerateInstanceExtensionProperties | OpenXR-Loader] : RuntimeInterface::LoadRuntimes - unknown error
Error [GENERAL | xrEnumerateInstanceExtensionProperties | OpenXR-Loader] : RuntimeInterface::LoadRuntimes - failed to load a runtime
Error [GENERAL | xrEnumerateInstanceExtensionProperties | OpenXR-Loader] : Failed to find default runtime with RuntimeInterface::LoadRuntime()
Error [GENERAL | xrEnumerateInstanceExtensionProperties | OpenXR-Loader] : Failed querying extension properties
[2026.07.02-03.39.29:187][152]LogHMD: Failed to enumerate extensions. Please check that you have a valid OpenXR runtime installed.
Error [GENERAL |  | OpenXR-Loader] : RuntimeManifestFile::FindManifestFiles - failed to determine active runtime file path for this environment
Error [GENERAL | xrEnumerateInstanceExtensionProperties | OpenXR-Loader] : RuntimeInterface::LoadRuntimes - unknown error
Error [GENERAL | xrEnumerateInstanceExtensionProperties | OpenXR-Loader] : RuntimeInterface::LoadRuntimes - failed to load a runtime
Error [GENERAL | xrEnumerateInstanceExtensionProperties | OpenXR-Loader] : Failed to find default runtime with RuntimeInterface::LoadRuntime()
Error [GENERAL | xrEnumerateInstanceExtensionProperties | OpenXR-Loader] : Failed querying extension properties
[2026.07.02-03.39.29:313][390]LogHMD: Failed to enumerate extensions. Please check that you have a valid OpenXR runtime installed.
Error [GENERAL |  | OpenXR-Loader] : RuntimeManifestFile::FindManifestFiles - failed to determine active runtime file path for this environment
Error [GENERAL | xrEnumerateInstanceExtensionProperties | OpenXR-Loader] : RuntimeInterface::LoadRuntimes - unknown error
Error [GENERAL | xrEnumerateInstanceExtensionProperties | OpenXR-Loader] : RuntimeInterface::LoadRuntimes - failed to load a runtime
Error [GENERAL | xrEnumerateInstanceExtensionProperties | OpenXR-Loader] : Failed to find default runtime with RuntimeInterface::LoadRuntime()
Error [GENERAL | xrEnumerateInstanceExtensionProperties | OpenXR-Loader] : Failed querying extension properties
[2026.07.02-03.39.29:438][585]LogHMD: Failed to enumerate extensions. Please check that you have a valid OpenXR runtime installed.
Error [GENERAL |  | OpenXR-Loader] : RuntimeManifestFile::FindManifestFiles - failed to determine active runtime file path for this environment
Error [GENERAL | xrEnumerateInstanceExtensionProperties | OpenXR-Loader] : RuntimeInterface::LoadRuntimes - unknown error
Error [GENERAL | xrEnumerateInstanceExtensionProperties | OpenXR-Loader] : RuntimeInterface::LoadRuntimes - failed to load a runtime
Error [GENERAL | xrEnumerateInstanceExtensionProperties | OpenXR-Loader] : Failed to find default runtime with RuntimeInterface::LoadRuntime()
Error [GENERAL | xrEnumerateInstanceExtensionProperties | OpenXR-Loader] : Failed querying extension properties
[2026.07.02-03.39.29:564][787]LogHMD: Failed to enumerate extensions. Please check that you have a valid OpenXR runtime installed.
Error [GENERAL |  | OpenXR-Loader] : RuntimeManifestFile::FindManifestFiles - failed to determine active runtime file path for this environment
Error [GENERAL | xrEnumerateInstanceExtensionProperties | OpenXR-Loader] : RuntimeInterface::LoadRuntimes - unknown error
Error [GENERAL | xrEnumerateInstanceExtensionProperties | OpenXR-Loader] : RuntimeInterface::LoadRuntimes - failed to load a runtime
Error [GENERAL | xrEnumerateInstanceExtensionProperties | OpenXR-Loader] : Failed to find default runtime with RuntimeInterface::LoadRuntime()
Error [GENERAL | xrEnumerateInstanceExtensionProperties | OpenXR-Loader] : Failed querying extension properties
[2026.07.02-03.39.29:688][  7]LogHMD: Failed to enumerate extensions. Please check that you have a valid OpenXR runtime installed.
MavLinkVehicle: confirmed offboard mode
Error [GENERAL |  | OpenXR-Loader] : RuntimeManifestFile::FindManifestFiles - failed to determine active runtime file path for this environment
Error [GENERAL | xrEnumerateInstanceExtensionProperties | OpenXR-Loader] : RuntimeInterface::LoadRuntimes - unknown error
Error [GENERAL | xrEnumerateInstanceExtensionProperties | OpenXR-Loader] : RuntimeInterface::LoadRuntimes - failed to load a runtime
Error [GENERAL | xrEnumerateInstanceExtensionProperties | OpenXR-Loader] : Failed to find default runtime with RuntimeInterface::LoadRuntime()
Error [GENERAL | xrEnumerateInstanceExtensionProperties | OpenXR-Loader] : Failed querying extension properties
[2026.07.02-03.39.29:814][196]LogHMD: Failed to enumerate extensions. Please check that you have a valid OpenXR runtime installed.
Error [GENERAL |  | OpenXR-Loader] : RuntimeManifestFile::FindManifestFiles - failed to determine active runtime file path for this environment
Error [GENERAL | xrEnumerateInstanceExtensionProperties | OpenXR-Loader] : RuntimeInterface::LoadRuntimes - unknown error
Error [GENERAL | xrEnumerateInstanceExtensionProperties | OpenXR-Loader] : RuntimeInterface::LoadRuntimes - failed to load a runtime
Error [GENERAL | xrEnumerateInstanceExtensionProperties | OpenXR-Loader] : Failed to find default runtime with RuntimeInterface::LoadRuntime()
Error [GENERAL | xrEnumerateInstanceExtensionProperties | OpenXR-Loader] : Failed querying extension properties
[2026.07.02-03.39.29:939][375]LogHMD: Failed to enumerate extensions. Please check that you have a valid OpenXR runtime installed.
Error [GENERAL |  | OpenXR-Loader] : RuntimeManifestFile::FindManifestFiles - failed to determine active runtime file path for this environment
Error [GENERAL | xrEnumerateInstanceExtensionProperties | OpenXR-Loader] : RuntimeInterface::LoadRuntimes - unknown error
Error [GENERAL | xrEnumerateInstanceExtensionProperties | OpenXR-Loader] : RuntimeInterface::LoadRuntimes - failed to load a runtime
Error [GENERAL | xrEnumerateInstanceExtensionProperties | OpenXR-Loader] : Failed to find default runtime with RuntimeInterface::LoadRuntime()
Error [GENERAL | xrEnumerateInstanceExtensionProperties | OpenXR-Loader] : Failed querying extension properties
[2026.07.02-03.39.30:065][620]LogHMD: Failed to enumerate extensions. Please check that you have a valid OpenXR runtime installed.
Error [GENERAL |  | OpenXR-Loader] : RuntimeManifestFile::FindManifestFiles - failed to determine active runtime file path for this environment
Error [GENERAL | xrEnumerateInstanceExtensionProperties | OpenXR-Loader] : RuntimeInterface::LoadRuntimes - unknown error
Error [GENERAL | xrEnumerateInstanceExtensionProperties | OpenXR-Loader] : RuntimeInterface::LoadRuntimes - failed to load a runtime
Error [GENERAL | xrEnumerateInstanceExtensionProperties | OpenXR-Loader] : Failed to find default runtime with RuntimeInterface::LoadRuntime()
Error [GENERAL | xrEnumerateInstanceExtensionProperties | OpenXR-Loader] : Failed querying extension properties
[2026.07.02-03.39.30:189][845]LogHMD: Failed to enumerate extensions. Please check that you have a valid OpenXR runtime installed.
Error [GENERAL |  | OpenXR-Loader] : RuntimeManifestFile::FindManifestFiles - failed to determine active runtime file path for this environment
Error [GENERAL | xrEnumerateInstanceExtensionProperties | OpenXR-Loader] : RuntimeInterface::LoadRuntimes - unknown error
Error [GENERAL | xrEnumerateInstanceExtensionProperties | OpenXR-Loader] : RuntimeInterface::LoadRuntimes - failed to load a runtime
Error [GENERAL | xrEnumerateInstanceExtensionProperties | OpenXR-Loader] : Failed to find default runtime with RuntimeInterface::LoadRuntime()
Error [GENERAL | xrEnumerateInstanceExtensionProperties | OpenXR-Loader] : Failed querying extension properties
[2026.07.02-03.39.30:315][ 97]LogHMD: Failed to enumerate extensions. Please check that you have a valid OpenXR runtime installed.
Error [GENERAL |  | OpenXR-Loader] : RuntimeManifestFile::FindManifestFiles - failed to determine active runtime file path for this environment
Error [GENERAL | xrEnumerateInstanceExtensionProperties | OpenXR-Loader] : RuntimeInterface::LoadRuntimes - unknown error
Error [GENERAL | xrEnumerateInstanceExtensionProperties | OpenXR-Loader] : RuntimeInterface::LoadRuntimes - failed to load a runtime
Error [GENERAL | xrEnumerateInstanceExtensionProperties | OpenXR-Loader] : Failed to find default runtime with RuntimeInterface::LoadRuntime()
Error [GENERAL | xrEnumerateInstanceExtensionProperties | OpenXR-Loader] : Failed querying extension properties
[2026.07.02-03.39.30:440][329]LogHMD: Failed to enumerate extensions. Please check that you have a valid OpenXR runtime installed.
Error [GENERAL |  | OpenXR-Loader] : RuntimeManifestFile::FindManifestFiles - failed to determine active runtime file path for this environment
Error [GENERAL | xrEnumerateInstanceExtensionProperties | OpenXR-Loader] : RuntimeInterface::LoadRuntimes - unknown error
Error [GENERAL | xrEnumerateInstanceExtensionProperties | OpenXR-Loader] : RuntimeInterface::LoadRuntimes - failed to load a runtime
Error [GENERAL | xrEnumerateInstanceExtensionProperties | OpenXR-Loader] : Failed to find default runtime with RuntimeInterface::LoadRuntime()
Error [GENERAL | xrEnumerateInstanceExtensionProperties | OpenXR-Loader] : Failed querying extension properties
[2026.07.02-03.39.30:565][560]LogHMD: Failed to enumerate extensions. Please check that you have a valid OpenXR runtime installed.
Error [GENERAL |  | OpenXR-Loader] : RuntimeManifestFile::FindManifestFiles - failed to determine active runtime file path for this environment
Error [GENERAL | xrEnumerateInstanceExtensionProperties | OpenXR-Loader] : RuntimeInterface::LoadRuntimes - unknown error
Error [GENERAL | xrEnumerateInstanceExtensionProperties | OpenXR-Loader] : RuntimeInterface::LoadRuntimes - failed to load a runtime
Error [GENERAL | xrEnumerateInstanceExtensionProperties | OpenXR-Loader] : Failed to find default runtime with RuntimeInterface::LoadRuntime()
Error [GENERAL | xrEnumerateInstanceExtensionProperties | OpenXR-Loader] : Failed querying extension properties
[2026.07.02-03.39.30:691][795]LogHMD: Failed to enumerate extensions. Please check that you have a valid OpenXR runtime installed.
MavLinkVehicle: confirmed offboard mode
Error [GENERAL |  | OpenXR-Loader] : RuntimeManifestFile::FindManifestFiles - failed to determine active runtime file path for this environment
Error [GENERAL | xrEnumerateInstanceExtensionProperties | OpenXR-Loader] : RuntimeInterface::LoadRuntimes - unknown error
Error [GENERAL | xrEnumerateInstanceExtensionProperties | OpenXR-Loader] : RuntimeInterface::LoadRuntimes - failed to load a runtime
Error [GENERAL | xrEnumerateInstanceExtensionProperties | OpenXR-Loader] : Failed to find default runtime with RuntimeInterface::LoadRuntime()
Error [GENERAL | xrEnumerateInstanceExtensionProperties | OpenXR-Loader] : Failed querying extension properties
[2026.07.02-03.39.30:816][ 38]LogHMD: Failed to enumerate extensions. Please check that you have a valid OpenXR runtime installed.
Error [GENERAL |  | OpenXR-Loader] : RuntimeManifestFile::FindManifestFiles - failed to determine active runtime file path for this environment
Error [GENERAL | xrEnumerateInstanceExtensionProperties | OpenXR-Loader] : RuntimeInterface::LoadRuntimes - unknown error
Error [GENERAL | xrEnumerateInstanceExtensionProperties | OpenXR-Loader] : RuntimeInterface::LoadRuntimes - failed to load a runtime
Error [GENERAL | xrEnumerateInstanceExtensionProperties | OpenXR-Loader] : Failed to find default runtime with RuntimeInterface::LoadRuntime()
Error [GENERAL | xrEnumerateInstanceExtensionProperties | OpenXR-Loader] : Failed querying extension properties
[2026.07.02-03.39.30:941][248]LogHMD: Failed to enumerate extensions. Please check that you have a valid OpenXR runtime installed.
Error [GENERAL |  | OpenXR-Loader] : RuntimeManifestFile::FindManifestFiles - failed to determine active runtime file path for this environment
Error [GENERAL | xrEnumerateInstanceExtensionProperties | OpenXR-Loader] : RuntimeInterface::LoadRuntimes - unknown error
Error [GENERAL | xrEnumerateInstanceExtensionProperties | OpenXR-Loader] : RuntimeInterface::LoadRuntimes - failed to load a runtime
Error [GENERAL | xrEnumerateInstanceExtensionProperties | OpenXR-Loader] : Failed to find default runtime with RuntimeInterface::LoadRuntime()
Error [GENERAL | xrEnumerateInstanceExtensionProperties | OpenXR-Loader] : Failed querying extension properties
[2026.07.02-03.39.31:069][480]LogHMD: Failed to enumerate extensions. Please check that you have a valid OpenXR runtime installed.
Error [GENERAL |  | OpenXR-Loader] : RuntimeManifestFile::FindManifestFiles - failed to determine active runtime file path for this environment
Error [GENERAL | xrEnumerateInstanceExtensionProperties | OpenXR-Loader] : RuntimeInterface::LoadRuntimes - unknown error
Error [GENERAL | xrEnumerateInstanceExtensionProperties | OpenXR-Loader] : RuntimeInterface::LoadRuntimes - failed to load a runtime
Error [GENERAL | xrEnumerateInstanceExtensionProperties | OpenXR-Loader] : Failed to find default runtime with RuntimeInterface::LoadRuntime()
Error [GENERAL | xrEnumerateInstanceExtensionProperties | OpenXR-Loader] : Failed querying extension properties
[2026.07.02-03.39.31:191][710]LogHMD: Failed to enumerate extensions. Please check that you have a valid OpenXR runtime installed.
Error [GENERAL |  | OpenXR-Loader] : RuntimeManifestFile::FindManifestFiles - failed to determine active runtime file path for this environment
Error [GENERAL | xrEnumerateInstanceExtensionProperties | OpenXR-Loader] : RuntimeInterface::LoadRuntimes - unknown error
Error [GENERAL | xrEnumerateInstanceExtensionProperties | OpenXR-Loader] : RuntimeInterface::LoadRuntimes - failed to load a runtime
Error [GENERAL | xrEnumerateInstanceExtensionProperties | OpenXR-Loader] : Failed to find default runtime with RuntimeInterface::LoadRuntime()
Error [GENERAL | xrEnumerateInstanceExtensionProperties | OpenXR-Loader] : Failed querying extension properties
[2026.07.02-03.39.31:317][957]LogHMD: Failed to enumerate extensions. Please check that you have a valid OpenXR runtime installed.
Error [GENERAL |  | OpenXR-Loader] : RuntimeManifestFile::FindManifestFiles - failed to determine active runtime file path for this environment
Error [GENERAL | xrEnumerateInstanceExtensionProperties | OpenXR-Loader] : RuntimeInterface::LoadRuntimes - unknown error
Error [GENERAL | xrEnumerateInstanceExtensionProperties | OpenXR-Loader] : RuntimeInterface::LoadRuntimes - failed to load a runtime
Error [GENERAL | xrEnumerateInstanceExtensionProperties | OpenXR-Loader] : Failed to find default runtime with RuntimeInterface::LoadRuntime()
Error [GENERAL | xrEnumerateInstanceExtensionProperties | OpenXR-Loader] : Failed querying extension properties
[2026.07.02-03.39.31:442][175]LogHMD: Failed to enumerate extensions. Please check that you have a valid OpenXR runtime installed.
Error [GENERAL |  | OpenXR-Loader] : RuntimeManifestFile::FindManifestFiles - failed to determine active runtime file path for this environment
Error [GENERAL | xrEnumerateInstanceExtensionProperties | OpenXR-Loader] : RuntimeInterface::LoadRuntimes - unknown error
Error [GENERAL | xrEnumerateInstanceExtensionProperties | OpenXR-Loader] : RuntimeInterface::LoadRuntimes - failed to load a runtime
Error [GENERAL | xrEnumerateInstanceExtensionProperties | OpenXR-Loader] : Failed to find default runtime with RuntimeInterface::LoadRuntime()
Error [GENERAL | xrEnumerateInstanceExtensionProperties | OpenXR-Loader] : Failed querying extension properties
[2026.07.02-03.39.31:567][415]LogHMD: Failed to enumerate extensions. Please check that you have a valid OpenXR runtime installed.
Error [GENERAL |  | OpenXR-Loader] : RuntimeManifestFile::FindManifestFiles - failed to determine active runtime file path for this environment
Error [GENERAL | xrEnumerateInstanceExtensionProperties | OpenXR-Loader] : RuntimeInterface::LoadRuntimes - unknown error
Error [GENERAL | xrEnumerateInstanceExtensionProperties | OpenXR-Loader] : RuntimeInterface::LoadRuntimes - failed to load a runtime
Error [GENERAL | xrEnumerateInstanceExtensionProperties | OpenXR-Loader] : Failed to find default runtime with RuntimeInterface::LoadRuntime()
Error [GENERAL | xrEnumerateInstanceExtensionProperties | OpenXR-Loader] : Failed querying extension properties
[2026.07.02-03.39.31:692][609]LogHMD: Failed to enumerate extensions. Please check that you have a valid OpenXR runtime installed.
MavLinkVehicle: confirmed offboard mode
Error [GENERAL |  | OpenXR-Loader] : RuntimeManifestFile::FindManifestFiles - failed to determine active runtime file path for this environment
Error [GENERAL | xrEnumerateInstanceExtensionProperties | OpenXR-Loader] : RuntimeInterface::LoadRuntimes - unknown error
Error [GENERAL | xrEnumerateInstanceExtensionProperties | OpenXR-Loader] : RuntimeInterface::LoadRuntimes - failed to load a runtime
Error [GENERAL | xrEnumerateInstanceExtensionProperties | OpenXR-Loader] : Failed to find default runtime with RuntimeInterface::LoadRuntime()
Error [GENERAL | xrEnumerateInstanceExtensionProperties | OpenXR-Loader] : Failed querying extension properties
[2026.07.02-03.39.31:818][838]LogHMD: Failed to enumerate extensions. Please check that you have a valid OpenXR runtime installed.
Error [GENERAL |  | OpenXR-Loader] : RuntimeManifestFile::FindManifestFiles - failed to determine active runtime file path for this environment
Error [GENERAL | xrEnumerateInstanceExtensionProperties | OpenXR-Loader] : RuntimeInterface::LoadRuntimes - unknown error
Error [GENERAL | xrEnumerateInstanceExtensionProperties | OpenXR-Loader] : RuntimeInterface::LoadRuntimes - failed to load a runtime
Error [GENERAL | xrEnumerateInstanceExtensionProperties | OpenXR-Loader] : Failed to find default runtime with RuntimeInterface::LoadRuntime()
Error [GENERAL | xrEnumerateInstanceExtensionProperties | OpenXR-Loader] : Failed querying extension properties
[2026.07.02-03.39.31:943][ 55]LogHMD: Failed to enumerate extensions. Please check that you have a valid OpenXR runtime installed.
Error [GENERAL |  | OpenXR-Loader] : RuntimeManifestFile::FindManifestFiles - failed to determine active runtime file path for this environment
Error [GENERAL | xrEnumerateInstanceExtensionProperties | OpenXR-Loader] : RuntimeInterface::LoadRuntimes - unknown error
Error [GENERAL | xrEnumerateInstanceExtensionProperties | OpenXR-Loader] : RuntimeInterface::LoadRuntimes - failed to load a runtime
Error [GENERAL | xrEnumerateInstanceExtensionProperties | OpenXR-Loader] : Failed to find default runtime with RuntimeInterface::LoadRuntime()
Error [GENERAL | xrEnumerateInstanceExtensionProperties | OpenXR-Loader] : Failed querying extension properties
[2026.07.02-03.39.32:068][251]LogHMD: Failed to enumerate extensions. Please check that you have a valid OpenXR runtime installed.
Error [GENERAL |  | OpenXR-Loader] : RuntimeManifestFile::FindManifestFiles - failed to determine active runtime file path for this environment
Error [GENERAL | xrEnumerateInstanceExtensionProperties | OpenXR-Loader] : RuntimeInterface::LoadRuntimes - unknown error
Error [GENERAL | xrEnumerateInstanceExtensionProperties | OpenXR-Loader] : RuntimeInterface::LoadRuntimes - failed to load a runtime
Error [GENERAL | xrEnumerateInstanceExtensionProperties | OpenXR-Loader] : Failed to find default runtime with RuntimeInterface::LoadRuntime()
Error [GENERAL | xrEnumerateInstanceExtensionProperties | OpenXR-Loader] : Failed querying extension properties
[2026.07.02-03.39.32:193][451]LogHMD: Failed to enumerate extensions. Please check that you have a valid OpenXR runtime installed.
Error [GENERAL |  | OpenXR-Loader] : RuntimeManifestFile::FindManifestFiles - failed to determine active runtime file path for this environment
Error [GENERAL | xrEnumerateInstanceExtensionProperties | OpenXR-Loader] : RuntimeInterface::LoadRuntimes - unknown error
Error [GENERAL | xrEnumerateInstanceExtensionProperties | OpenXR-Loader] : RuntimeInterface::LoadRuntimes - failed to load a runtime
Error [GENERAL | xrEnumerateInstanceExtensionProperties | OpenXR-Loader] : Failed to find default runtime with RuntimeInterface::LoadRuntime()
Error [GENERAL | xrEnumerateInstanceExtensionProperties | OpenXR-Loader] : Failed querying extension properties
[2026.07.02-03.39.32:318][679]LogHMD: Failed to enumerate extensions. Please check that you have a valid OpenXR runtime installed.
Error [GENERAL |  | OpenXR-Loader] : RuntimeManifestFile::FindManifestFiles - failed to determine active runtime file path for this environment
Error [GENERAL | xrEnumerateInstanceExtensionProperties | OpenXR-Loader] : RuntimeInterface::LoadRuntimes - unknown error
Error [GENERAL | xrEnumerateInstanceExtensionProperties | OpenXR-Loader] : RuntimeInterface::LoadRuntimes - failed to load a runtime
Error [GENERAL | xrEnumerateInstanceExtensionProperties | OpenXR-Loader] : Failed to find default runtime with RuntimeInterface::LoadRuntime()
Error [GENERAL | xrEnumerateInstanceExtensionProperties | OpenXR-Loader] : Failed querying extension properties
[2026.07.02-03.39.32:444][903]LogHMD: Failed to enumerate extensions. Please check that you have a valid OpenXR runtime installed.
Error [GENERAL |  | OpenXR-Loader] : RuntimeManifestFile::FindManifestFiles - failed to determine active runtime file path for this environment
Error [GENERAL | xrEnumerateInstanceExtensionProperties | OpenXR-Loader] : RuntimeInterface::LoadRuntimes - unknown error
Error [GENERAL | xrEnumerateInstanceExtensionProperties | OpenXR-Loader] : RuntimeInterface::LoadRuntimes - failed to load a runtime
Error [GENERAL | xrEnumerateInstanceExtensionProperties | OpenXR-Loader] : Failed to find default runtime with RuntimeInterface::LoadRuntime()
Error [GENERAL | xrEnumerateInstanceExtensionProperties | OpenXR-Loader] : Failed querying extension properties
[2026.07.02-03.39.32:569][150]LogHMD: Failed to enumerate extensions. Please check that you have a valid OpenXR runtime installed.
Error [GENERAL |  | OpenXR-Loader] : RuntimeManifestFile::FindManifestFiles - failed to determine active runtime file path for this environment
Error [GENERAL | xrEnumerateInstanceExtensionProperties | OpenXR-Loader] : RuntimeInterface::LoadRuntimes - unknown error
Error [GENERAL | xrEnumerateInstanceExtensionProperties | OpenXR-Loader] : RuntimeInterface::LoadRuntimes - failed to load a runtime
Error [GENERAL | xrEnumerateInstanceExtensionProperties | OpenXR-Loader] : Failed to find default runtime with RuntimeInterface::LoadRuntime()
Error [GENERAL | xrEnumerateInstanceExtensionProperties | OpenXR-Loader] : Failed querying extension properties
[2026.07.02-03.39.32:694][349]LogHMD: Failed to enumerate extensions. Please check that you have a valid OpenXR runtime installed.
MavLinkVehicle: confirmed offboard mode
Error [GENERAL |  | OpenXR-Loader] : RuntimeManifestFile::FindManifestFiles - failed to determine active runtime file path for this environment
Error [GENERAL | xrEnumerateInstanceExtensionProperties | OpenXR-Loader] : RuntimeInterface::LoadRuntimes - unknown error
Error [GENERAL | xrEnumerateInstanceExtensionProperties | OpenXR-Loader] : RuntimeInterface::LoadRuntimes - failed to load a runtime
Error [GENERAL | xrEnumerateInstanceExtensionProperties | OpenXR-Loader] : Failed to find default runtime with RuntimeInterface::LoadRuntime()
Error [GENERAL | xrEnumerateInstanceExtensionProperties | OpenXR-Loader] : Failed querying extension properties
[2026.07.02-03.39.32:820][566]LogHMD: Failed to enumerate extensions. Please check that you have a valid OpenXR runtime installed.
Error [GENERAL |  | OpenXR-Loader] : RuntimeManifestFile::FindManifestFiles - failed to determine active runtime file path for this environment
Error [GENERAL | xrEnumerateInstanceExtensionProperties | OpenXR-Loader] : RuntimeInterface::LoadRuntimes - unknown error
Error [GENERAL | xrEnumerateInstanceExtensionProperties | OpenXR-Loader] : RuntimeInterface::LoadRuntimes - failed to load a runtime
Error [GENERAL | xrEnumerateInstanceExtensionProperties | OpenXR-Loader] : Failed to find default runtime with RuntimeInterface::LoadRuntime()
Error [GENERAL | xrEnumerateInstanceExtensionProperties | OpenXR-Loader] : Failed querying extension properties
[2026.07.02-03.39.32:945][801]LogHMD: Failed to enumerate extensions. Please check that you have a valid OpenXR runtime installed.
Error [GENERAL |  | OpenXR-Loader] : RuntimeManifestFile::FindManifestFiles - failed to determine active runtime file path for this environment
Error [GENERAL | xrEnumerateInstanceExtensionProperties | OpenXR-Loader] : RuntimeInterface::LoadRuntimes - unknown error
Error [GENERAL | xrEnumerateInstanceExtensionProperties | OpenXR-Loader] : RuntimeInterface::LoadRuntimes - failed to load a runtime
Error [GENERAL | xrEnumerateInstanceExtensionProperties | OpenXR-Loader] : Failed to find default runtime with RuntimeInterface::LoadRuntime()
Error [GENERAL | xrEnumerateInstanceExtensionProperties | OpenXR-Loader] : Failed querying extension properties
[2026.07.02-03.39.33:070][991]LogHMD: Failed to enumerate extensions. Please check that you have a valid OpenXR runtime installed.
Error [GENERAL |  | OpenXR-Loader] : RuntimeManifestFile::FindManifestFiles - failed to determine active runtime file path for this environment
Error [GENERAL | xrEnumerateInstanceExtensionProperties | OpenXR-Loader] : RuntimeInterface::LoadRuntimes - unknown error
Error [GENERAL | xrEnumerateInstanceExtensionProperties | OpenXR-Loader] : RuntimeInterface::LoadRuntimes - failed to load a runtime
Error [GENERAL | xrEnumerateInstanceExtensionProperties | OpenXR-Loader] : Failed to find default runtime with RuntimeInterface::LoadRuntime()
Error [GENERAL | xrEnumerateInstanceExtensionProperties | OpenXR-Loader] : Failed querying extension properties
[2026.07.02-03.39.33:195][205]LogHMD: Failed to enumerate extensions. Please check that you have a valid OpenXR runtime installed.
Error [GENERAL |  | OpenXR-Loader] : RuntimeManifestFile::FindManifestFiles - failed to determine active runtime file path for this environment
Error [GENERAL | xrEnumerateInstanceExtensionProperties | OpenXR-Loader] : RuntimeInterface::LoadRuntimes - unknown error
Error [GENERAL | xrEnumerateInstanceExtensionProperties | OpenXR-Loader] : RuntimeInterface::LoadRuntimes - failed to load a runtime
Error [GENERAL | xrEnumerateInstanceExtensionProperties | OpenXR-Loader] : Failed to find default runtime with RuntimeInterface::LoadRuntime()
Error [GENERAL | xrEnumerateInstanceExtensionProperties | OpenXR-Loader] : Failed querying extension properties
[2026.07.02-03.39.33:321][408]LogHMD: Failed to enumerate extensions. Please check that you have a valid OpenXR runtime installed.
Error [GENERAL |  | OpenXR-Loader] : RuntimeManifestFile::FindManifestFiles - failed to determine active runtime file path for this environment
Error [GENERAL | xrEnumerateInstanceExtensionProperties | OpenXR-Loader] : RuntimeInterface::LoadRuntimes - unknown error
Error [GENERAL | xrEnumerateInstanceExtensionProperties | OpenXR-Loader] : RuntimeInterface::LoadRuntimes - failed to load a runtime
Error [GENERAL | xrEnumerateInstanceExtensionProperties | OpenXR-Loader] : Failed to find default runtime with RuntimeInterface::LoadRuntime()
Error [GENERAL | xrEnumerateInstanceExtensionProperties | OpenXR-Loader] : Failed querying extension properties
[2026.07.02-03.39.33:446][588]LogHMD: Failed to enumerate extensions. Please check that you have a valid OpenXR runtime installed.
Error [GENERAL |  | OpenXR-Loader] : RuntimeManifestFile::FindManifestFiles - failed to determine active runtime file path for this environment
Error [GENERAL | xrEnumerateInstanceExtensionProperties | OpenXR-Loader] : RuntimeInterface::LoadRuntimes - unknown error
Error [GENERAL | xrEnumerateInstanceExtensionProperties | OpenXR-Loader] : RuntimeInterface::LoadRuntimes - failed to load a runtime
Error [GENERAL | xrEnumerateInstanceExtensionProperties | OpenXR-Loader] : Failed to find default runtime with RuntimeInterface::LoadRuntime()
Error [GENERAL | xrEnumerateInstanceExtensionProperties | OpenXR-Loader] : Failed querying extension properties
[2026.07.02-03.39.33:571][818]LogHMD: Failed to enumerate extensions. Please check that you have a valid OpenXR runtime installed.
Error [GENERAL |  | OpenXR-Loader] : RuntimeManifestFile::FindManifestFiles - failed to determine active runtime file path for this environment
Error [GENERAL | xrEnumerateInstanceExtensionProperties | OpenXR-Loader] : RuntimeInterface::LoadRuntimes - unknown error
Error [GENERAL | xrEnumerateInstanceExtensionProperties | OpenXR-Loader] : RuntimeInterface::LoadRuntimes - failed to load a runtime
Error [GENERAL | xrEnumerateInstanceExtensionProperties | OpenXR-Loader] : Failed to find default runtime with RuntimeInterface::LoadRuntime()
Error [GENERAL | xrEnumerateInstanceExtensionProperties | OpenXR-Loader] : Failed querying extension properties
[2026.07.02-03.39.33:696][ 51]LogHMD: Failed to enumerate extensions. Please check that you have a valid OpenXR runtime installed.
MavLinkVehicle: confirmed offboard mode
Error [GENERAL |  | OpenXR-Loader] : RuntimeManifestFile::FindManifestFiles - failed to determine active runtime file path for this environment
Error [GENERAL | xrEnumerateInstanceExtensionProperties | OpenXR-Loader] : RuntimeInterface::LoadRuntimes - unknown error
Error [GENERAL | xrEnumerateInstanceExtensionProperties | OpenXR-Loader] : RuntimeInterface::LoadRuntimes - failed to load a runtime
Error [GENERAL | xrEnumerateInstanceExtensionProperties | OpenXR-Loader] : Failed to find default runtime with RuntimeInterface::LoadRuntime()
Error [GENERAL | xrEnumerateInstanceExtensionProperties | OpenXR-Loader] : Failed querying extension properties
[2026.07.02-03.39.33:821][266]LogHMD: Failed to enumerate extensions. Please check that you have a valid OpenXR runtime installed.
Error [GENERAL |  | OpenXR-Loader] : RuntimeManifestFile::FindManifestFiles - failed to determine active runtime file path for this environment
Error [GENERAL | xrEnumerateInstanceExtensionProperties | OpenXR-Loader] : RuntimeInterface::LoadRuntimes - unknown error
Error [GENERAL | xrEnumerateInstanceExtensionProperties | OpenXR-Loader] : RuntimeInterface::LoadRuntimes - failed to load a runtime
Error [GENERAL | xrEnumerateInstanceExtensionProperties | OpenXR-Loader] : Failed to find default runtime with RuntimeInterface::LoadRuntime()
Error [GENERAL | xrEnumerateInstanceExtensionProperties | OpenXR-Loader] : Failed querying extension properties
[2026.07.02-03.39.33:947][508]LogHMD: Failed to enumerate extensions. Please check that you have a valid OpenXR runtime installed.
Error [GENERAL |  | OpenXR-Loader] : RuntimeManifestFile::FindManifestFiles - failed to determine active runtime file path for this environment
Error [GENERAL | xrEnumerateInstanceExtensionProperties | OpenXR-Loader] : RuntimeInterface::LoadRuntimes - unknown error
Error [GENERAL | xrEnumerateInstanceExtensionProperties | OpenXR-Loader] : RuntimeInterface::LoadRuntimes - failed to load a runtime
Error [GENERAL | xrEnumerateInstanceExtensionProperties | OpenXR-Loader] : Failed to find default runtime with RuntimeInterface::LoadRuntime()
Error [GENERAL | xrEnumerateInstanceExtensionProperties | OpenXR-Loader] : Failed querying extension properties
[2026.07.02-03.39.34:079][697]LogHMD: Failed to enumerate extensions. Please check that you have a valid OpenXR runtime installed.
Error [GENERAL |  | OpenXR-Loader] : RuntimeManifestFile::FindManifestFiles - failed to determine active runtime file path for this environment
Error [GENERAL | xrEnumerateInstanceExtensionProperties | OpenXR-Loader] : RuntimeInterface::LoadRuntimes - unknown error
Error [GENERAL | xrEnumerateInstanceExtensionProperties | OpenXR-Loader] : RuntimeInterface::LoadRuntimes - failed to load a runtime
Error [GENERAL | xrEnumerateInstanceExtensionProperties | OpenXR-Loader] : Failed to find default runtime with RuntimeInterface::LoadRuntime()
Error [GENERAL | xrEnumerateInstanceExtensionProperties | OpenXR-Loader] : Failed querying extension properties
[2026.07.02-03.39.34:205][933]LogHMD: Failed to enumerate extensions. Please check that you have a valid OpenXR runtime installed.
Error [GENERAL |  | OpenXR-Loader] : RuntimeManifestFile::FindManifestFiles - failed to determine active runtime file path for this environment
Error [GENERAL | xrEnumerateInstanceExtensionProperties | OpenXR-Loader] : RuntimeInterface::LoadRuntimes - unknown error
Error [GENERAL | xrEnumerateInstanceExtensionProperties | OpenXR-Loader] : RuntimeInterface::LoadRuntimes - failed to load a runtime
Error [GENERAL | xrEnumerateInstanceExtensionProperties | OpenXR-Loader] : Failed to find default runtime with RuntimeInterface::LoadRuntime()
Error [GENERAL | xrEnumerateInstanceExtensionProperties | OpenXR-Loader] : Failed querying extension properties
[2026.07.02-03.39.34:330][135]LogHMD: Failed to enumerate extensions. Please check that you have a valid OpenXR runtime installed.
Error [GENERAL |  | OpenXR-Loader] : RuntimeManifestFile::FindManifestFiles - failed to determine active runtime file path for this environment
Error [GENERAL | xrEnumerateInstanceExtensionProperties | OpenXR-Loader] : RuntimeInterface::LoadRuntimes - unknown error
Error [GENERAL | xrEnumerateInstanceExtensionProperties | OpenXR-Loader] : RuntimeInterface::LoadRuntimes - failed to load a runtime
Error [GENERAL | xrEnumerateInstanceExtensionProperties | OpenXR-Loader] : Failed to find default runtime with RuntimeInterface::LoadRuntime()
Error [GENERAL | xrEnumerateInstanceExtensionProperties | OpenXR-Loader] : Failed querying extension properties
[2026.07.02-03.39.34:455][360]LogHMD: Failed to enumerate extensions. Please check that you have a valid OpenXR runtime installed.
Error [GENERAL |  | OpenXR-Loader] : RuntimeManifestFile::FindManifestFiles - failed to determine active runtime file path for this environment
Error [GENERAL | xrEnumerateInstanceExtensionProperties | OpenXR-Loader] : RuntimeInterface::LoadRuntimes - unknown error
Error [GENERAL | xrEnumerateInstanceExtensionProperties | OpenXR-Loader] : RuntimeInterface::LoadRuntimes - failed to load a runtime
Error [GENERAL | xrEnumerateInstanceExtensionProperties | OpenXR-Loader] : Failed to find default runtime with RuntimeInterface::LoadRuntime()
Error [GENERAL | xrEnumerateInstanceExtensionProperties | OpenXR-Loader] : Failed querying extension properties
[2026.07.02-03.39.34:580][595]LogHMD: Failed to enumerate extensions. Please check that you have a valid OpenXR runtime installed.
Error [GENERAL |  | OpenXR-Loader] : RuntimeManifestFile::FindManifestFiles - failed to determine active runtime file path for this environment
Error [GENERAL | xrEnumerateInstanceExtensionProperties | OpenXR-Loader] : RuntimeInterface::LoadRuntimes - unknown error
Error [GENERAL | xrEnumerateInstanceExtensionProperties | OpenXR-Loader] : RuntimeInterface::LoadRuntimes - failed to load a runtime
Error [GENERAL | xrEnumerateInstanceExtensionProperties | OpenXR-Loader] : Failed to find default runtime with RuntimeInterface::LoadRuntime()
Error [GENERAL | xrEnumerateInstanceExtensionProperties | OpenXR-Loader] : Failed querying extension properties
[2026.07.02-03.39.34:706][827]LogHMD: Failed to enumerate extensions. Please check that you have a valid OpenXR runtime installed.
MavLinkVehicle: confirmed offboard mode
Error [GENERAL |  | OpenXR-Loader] : RuntimeManifestFile::FindManifestFiles - failed to determine active runtime file path for this environment
Error [GENERAL | xrEnumerateInstanceExtensionProperties | OpenXR-Loader] : RuntimeInterface::LoadRuntimes - unknown error
Error [GENERAL | xrEnumerateInstanceExtensionProperties | OpenXR-Loader] : RuntimeInterface::LoadRuntimes - failed to load a runtime
Error [GENERAL | xrEnumerateInstanceExtensionProperties | OpenXR-Loader] : Failed to find default runtime with RuntimeInterface::LoadRuntime()
Error [GENERAL | xrEnumerateInstanceExtensionProperties | OpenXR-Loader] : Failed querying extension properties
[2026.07.02-03.39.34:830][ 15]LogHMD: Failed to enumerate extensions. Please check that you have a valid OpenXR runtime installed.
Error [GENERAL |  | OpenXR-Loader] : RuntimeManifestFile::FindManifestFiles - failed to determine active runtime file path for this environment
Error [GENERAL | xrEnumerateInstanceExtensionProperties | OpenXR-Loader] : RuntimeInterface::LoadRuntimes - unknown error
Error [GENERAL | xrEnumerateInstanceExtensionProperties | OpenXR-Loader] : RuntimeInterface::LoadRuntimes - failed to load a runtime
Error [GENERAL | xrEnumerateInstanceExtensionProperties | OpenXR-Loader] : Failed to find default runtime with RuntimeInterface::LoadRuntime()
Error [GENERAL | xrEnumerateInstanceExtensionProperties | OpenXR-Loader] : Failed querying extension properties
[2026.07.02-03.39.34:956][229]LogHMD: Failed to enumerate extensions. Please check that you have a valid OpenXR runtime installed.
Error [GENERAL |  | OpenXR-Loader] : RuntimeManifestFile::FindManifestFiles - failed to determine active runtime file path for this environment
Error [GENERAL | xrEnumerateInstanceExtensionProperties | OpenXR-Loader] : RuntimeInterface::LoadRuntimes - unknown error
Error [GENERAL | xrEnumerateInstanceExtensionProperties | OpenXR-Loader] : RuntimeInterface::LoadRuntimes - failed to load a runtime
Error [GENERAL | xrEnumerateInstanceExtensionProperties | OpenXR-Loader] : Failed to find default runtime with RuntimeInterface::LoadRuntime()
Error [GENERAL | xrEnumerateInstanceExtensionProperties | OpenXR-Loader] : Failed querying extension properties
[2026.07.02-03.39.35:081][465]LogHMD: Failed to enumerate extensions. Please check that you have a valid OpenXR runtime installed.
Error [GENERAL |  | OpenXR-Loader] : RuntimeManifestFile::FindManifestFiles - failed to determine active runtime file path for this environment
Error [GENERAL | xrEnumerateInstanceExtensionProperties | OpenXR-Loader] : RuntimeInterface::LoadRuntimes - unknown error
Error [GENERAL | xrEnumerateInstanceExtensionProperties | OpenXR-Loader] : RuntimeInterface::LoadRuntimes - failed to load a runtime
Error [GENERAL | xrEnumerateInstanceExtensionProperties | OpenXR-Loader] : Failed to find default runtime with RuntimeInterface::LoadRuntime()
Error [GENERAL | xrEnumerateInstanceExtensionProperties | OpenXR-Loader] : Failed querying extension properties
[2026.07.02-03.39.35:207][689]LogHMD: Failed to enumerate extensions. Please check that you have a valid OpenXR runtime installed.
Error [GENERAL |  | OpenXR-Loader] : RuntimeManifestFile::FindManifestFiles - failed to determine active runtime file path for this environment
Error [GENERAL | xrEnumerateInstanceExtensionProperties | OpenXR-Loader] : RuntimeInterface::LoadRuntimes - unknown error
Error [GENERAL | xrEnumerateInstanceExtensionProperties | OpenXR-Loader] : RuntimeInterface::LoadRuntimes - failed to load a runtime
Error [GENERAL | xrEnumerateInstanceExtensionProperties | OpenXR-Loader] : Failed to find default runtime with RuntimeInterface::LoadRuntime()
Error [GENERAL | xrEnumerateInstanceExtensionProperties | OpenXR-Loader] : Failed querying extension properties
[2026.07.02-03.39.35:334][882]LogHMD: Failed to enumerate extensions. Please check that you have a valid OpenXR runtime installed.
Error [GENERAL |  | OpenXR-Loader] : RuntimeManifestFile::FindManifestFiles - failed to determine active runtime file path for this environment
Error [GENERAL | xrEnumerateInstanceExtensionProperties | OpenXR-Loader] : RuntimeInterface::LoadRuntimes - unknown error
Error [GENERAL | xrEnumerateInstanceExtensionProperties | OpenXR-Loader] : RuntimeInterface::LoadRuntimes - failed to load a runtime
Error [GENERAL | xrEnumerateInstanceExtensionProperties | OpenXR-Loader] : Failed to find default runtime with RuntimeInterface::LoadRuntime()
Error [GENERAL | xrEnumerateInstanceExtensionProperties | OpenXR-Loader] : Failed querying extension properties
[2026.07.02-03.39.35:458][ 99]LogHMD: Failed to enumerate extensions. Please check that you have a valid OpenXR runtime installed.
Error [GENERAL |  | OpenXR-Loader] : RuntimeManifestFile::FindManifestFiles - failed to determine active runtime file path for this environment
Error [GENERAL | xrEnumerateInstanceExtensionProperties | OpenXR-Loader] : RuntimeInterface::LoadRuntimes - unknown error
Error [GENERAL | xrEnumerateInstanceExtensionProperties | OpenXR-Loader] : RuntimeInterface::LoadRuntimes - failed to load a runtime
Error [GENERAL | xrEnumerateInstanceExtensionProperties | OpenXR-Loader] : Failed to find default runtime with RuntimeInterface::LoadRuntime()
Error [GENERAL | xrEnumerateInstanceExtensionProperties | OpenXR-Loader] : Failed querying extension properties
[2026.07.02-03.39.35:582][294]LogHMD: Failed to enumerate extensions. Please check that you have a valid OpenXR runtime installed.
Error [GENERAL |  | OpenXR-Loader] : RuntimeManifestFile::FindManifestFiles - failed to determine active runtime file path for this environment
Error [GENERAL | xrEnumerateInstanceExtensionProperties | OpenXR-Loader] : RuntimeInterface::LoadRuntimes - unknown error
Error [GENERAL | xrEnumerateInstanceExtensionProperties | OpenXR-Loader] : RuntimeInterface::LoadRuntimes - failed to load a runtime
Error [GENERAL | xrEnumerateInstanceExtensionProperties | OpenXR-Loader] : Failed to find default runtime with RuntimeInterface::LoadRuntime()
Error [GENERAL | xrEnumerateInstanceExtensionProperties | OpenXR-Loader] : Failed querying extension properties
[2026.07.02-03.39.35:708][505]LogHMD: Failed to enumerate extensions. Please check that you have a valid OpenXR runtime installed.
MavLinkVehicle: confirmed offboard mode
Error [GENERAL |  | OpenXR-Loader] : RuntimeManifestFile::FindManifestFiles - failed to determine active runtime file path for this environment
Error [GENERAL | xrEnumerateInstanceExtensionProperties | OpenXR-Loader] : RuntimeInterface::LoadRuntimes - unknown error
Error [GENERAL | xrEnumerateInstanceExtensionProperties | OpenXR-Loader] : RuntimeInterface::LoadRuntimes - failed to load a runtime
Error [GENERAL | xrEnumerateInstanceExtensionProperties | OpenXR-Loader] : Failed to find default runtime with RuntimeInterface::LoadRuntime()
Error [GENERAL | xrEnumerateInstanceExtensionProperties | OpenXR-Loader] : Failed querying extension properties
[2026.07.02-03.39.35:833][722]LogHMD: Failed to enumerate extensions. Please check that you have a valid OpenXR runtime installed.
Error [GENERAL |  | OpenXR-Loader] : RuntimeManifestFile::FindManifestFiles - failed to determine active runtime file path for this environment
Error [GENERAL | xrEnumerateInstanceExtensionProperties | OpenXR-Loader] : RuntimeInterface::LoadRuntimes - unknown error
Error [GENERAL | xrEnumerateInstanceExtensionProperties | OpenXR-Loader] : RuntimeInterface::LoadRuntimes - failed to load a runtime
Error [GENERAL | xrEnumerateInstanceExtensionProperties | OpenXR-Loader] : Failed to find default runtime with RuntimeInterface::LoadRuntime()
Error [GENERAL | xrEnumerateInstanceExtensionProperties | OpenXR-Loader] : Failed querying extension properties
[2026.07.02-03.39.35:958][923]LogHMD: Failed to enumerate extensions. Please check that you have a valid OpenXR runtime installed.
Error [GENERAL |  | OpenXR-Loader] : RuntimeManifestFile::FindManifestFiles - failed to determine active runtime file path for this environment
Error [GENERAL | xrEnumerateInstanceExtensionProperties | OpenXR-Loader] : RuntimeInterface::LoadRuntimes - unknown error
Error [GENERAL | xrEnumerateInstanceExtensionProperties | OpenXR-Loader] : RuntimeInterface::LoadRuntimes - failed to load a runtime
Error [GENERAL | xrEnumerateInstanceExtensionProperties | OpenXR-Loader] : Failed to find default runtime with RuntimeInterface::LoadRuntime()
Error [GENERAL | xrEnumerateInstanceExtensionProperties | OpenXR-Loader] : Failed querying extension properties
[2026.07.02-03.39.36:084][117]LogHMD: Failed to enumerate extensions. Please check that you have a valid OpenXR runtime installed.
Error [GENERAL |  | OpenXR-Loader] : RuntimeManifestFile::FindManifestFiles - failed to determine active runtime file path for this environment
Error [GENERAL | xrEnumerateInstanceExtensionProperties | OpenXR-Loader] : RuntimeInterface::LoadRuntimes - unknown error
Error [GENERAL | xrEnumerateInstanceExtensionProperties | OpenXR-Loader] : RuntimeInterface::LoadRuntimes - failed to load a runtime
Error [GENERAL | xrEnumerateInstanceExtensionProperties | OpenXR-Loader] : Failed to find default runtime with RuntimeInterface::LoadRuntime()
Error [GENERAL | xrEnumerateInstanceExtensionProperties | OpenXR-Loader] : Failed querying extension properties
[2026.07.02-03.39.36:209][345]LogHMD: Failed to enumerate extensions. Please check that you have a valid OpenXR runtime installed.
Error [GENERAL |  | OpenXR-Loader] : RuntimeManifestFile::FindManifestFiles - failed to determine active runtime file path for this environment
Error [GENERAL | xrEnumerateInstanceExtensionProperties | OpenXR-Loader] : RuntimeInterface::LoadRuntimes - unknown error
Error [GENERAL | xrEnumerateInstanceExtensionProperties | OpenXR-Loader] : RuntimeInterface::LoadRuntimes - failed to load a runtime
Error [GENERAL | xrEnumerateInstanceExtensionProperties | OpenXR-Loader] : Failed to find default runtime with RuntimeInterface::LoadRuntime()
Error [GENERAL | xrEnumerateInstanceExtensionProperties | OpenXR-Loader] : Failed querying extension properties
[2026.07.02-03.39.36:334][552]LogHMD: Failed to enumerate extensions. Please check that you have a valid OpenXR runtime installed.
Error [GENERAL |  | OpenXR-Loader] : RuntimeManifestFile::FindManifestFiles - failed to determine active runtime file path for this environment
Error [GENERAL | xrEnumerateInstanceExtensionProperties | OpenXR-Loader] : RuntimeInterface::LoadRuntimes - unknown error
Error [GENERAL | xrEnumerateInstanceExtensionProperties | OpenXR-Loader] : RuntimeInterface::LoadRuntimes - failed to load a runtime
Error [GENERAL | xrEnumerateInstanceExtensionProperties | OpenXR-Loader] : Failed to find default runtime with RuntimeInterface::LoadRuntime()
Error [GENERAL | xrEnumerateInstanceExtensionProperties | OpenXR-Loader] : Failed querying extension properties
[2026.07.02-03.39.36:459][744]LogHMD: Failed to enumerate extensions. Please check that you have a valid OpenXR runtime installed.
Error [GENERAL |  | OpenXR-Loader] : RuntimeManifestFile::FindManifestFiles - failed to determine active runtime file path for this environment
Error [GENERAL | xrEnumerateInstanceExtensionProperties | OpenXR-Loader] : RuntimeInterface::LoadRuntimes - unknown error
Error [GENERAL | xrEnumerateInstanceExtensionProperties | OpenXR-Loader] : RuntimeInterface::LoadRuntimes - failed to load a runtime
Error [GENERAL | xrEnumerateInstanceExtensionProperties | OpenXR-Loader] : Failed to find default runtime with RuntimeInterface::LoadRuntime()
Error [GENERAL | xrEnumerateInstanceExtensionProperties | OpenXR-Loader] : Failed querying extension properties
[2026.07.02-03.39.36:585][961]LogHMD: Failed to enumerate extensions. Please check that you have a valid OpenXR runtime installed.
Error [GENERAL |  | OpenXR-Loader] : RuntimeManifestFile::FindManifestFiles - failed to determine active runtime file path for this environment
Error [GENERAL | xrEnumerateInstanceExtensionProperties | OpenXR-Loader] : RuntimeInterface::LoadRuntimes - unknown error
Error [GENERAL | xrEnumerateInstanceExtensionProperties | OpenXR-Loader] : RuntimeInterface::LoadRuntimes - failed to load a runtime
Error [GENERAL | xrEnumerateInstanceExtensionProperties | OpenXR-Loader] : Failed to find default runtime with RuntimeInterface::LoadRuntime()
Error [GENERAL | xrEnumerateInstanceExtensionProperties | OpenXR-Loader] : Failed querying extension properties
[2026.07.02-03.39.36:709][165]LogHMD: Failed to enumerate extensions. Please check that you have a valid OpenXR runtime installed.
MavLinkVehicle: confirmed offboard mode
Error [GENERAL |  | OpenXR-Loader] : RuntimeManifestFile::FindManifestFiles - failed to determine active runtime file path for this environment
Error [GENERAL | xrEnumerateInstanceExtensionProperties | OpenXR-Loader] : RuntimeInterface::LoadRuntimes - unknown error
Error [GENERAL | xrEnumerateInstanceExtensionProperties | OpenXR-Loader] : RuntimeInterface::LoadRuntimes - failed to load a runtime
Error [GENERAL | xrEnumerateInstanceExtensionProperties | OpenXR-Loader] : Failed to find default runtime with RuntimeInterface::LoadRuntime()
Error [GENERAL | xrEnumerateInstanceExtensionProperties | OpenXR-Loader] : Failed querying extension properties
[2026.07.02-03.39.36:835][382]LogHMD: Failed to enumerate extensions. Please check that you have a valid OpenXR runtime installed.
Error [GENERAL |  | OpenXR-Loader] : RuntimeManifestFile::FindManifestFiles - failed to determine active runtime file path for this environment
Error [GENERAL | xrEnumerateInstanceExtensionProperties | OpenXR-Loader] : RuntimeInterface::LoadRuntimes - unknown error
Error [GENERAL | xrEnumerateInstanceExtensionProperties | OpenXR-Loader] : RuntimeInterface::LoadRuntimes - failed to load a runtime
Error [GENERAL | xrEnumerateInstanceExtensionProperties | OpenXR-Loader] : Failed to find default runtime with RuntimeInterface::LoadRuntime()
Error [GENERAL | xrEnumerateInstanceExtensionProperties | OpenXR-Loader] : Failed querying extension properties
[2026.07.02-03.39.36:975][567]LogHMD: Failed to enumerate extensions. Please check that you have a valid OpenXR runtime installed.
Error [GENERAL |  | OpenXR-Loader] : RuntimeManifestFile::FindManifestFiles - failed to determine active runtime file path for this environment
Error [GENERAL | xrEnumerateInstanceExtensionProperties | OpenXR-Loader] : RuntimeInterface::LoadRuntimes - unknown error
Error [GENERAL | xrEnumerateInstanceExtensionProperties | OpenXR-Loader] : RuntimeInterface::LoadRuntimes - failed to load a runtime
Error [GENERAL | xrEnumerateInstanceExtensionProperties | OpenXR-Loader] : Failed to find default runtime with RuntimeInterface::LoadRuntime()
Error [GENERAL | xrEnumerateInstanceExtensionProperties | OpenXR-Loader] : Failed querying extension properties
[2026.07.02-03.39.37:099][779]LogHMD: Failed to enumerate extensions. Please check that you have a valid OpenXR runtime installed.
Error [GENERAL |  | OpenXR-Loader] : RuntimeManifestFile::FindManifestFiles - failed to determine active runtime file path for this environment
Error [GENERAL | xrEnumerateInstanceExtensionProperties | OpenXR-Loader] : RuntimeInterface::LoadRuntimes - unknown error
Error [GENERAL | xrEnumerateInstanceExtensionProperties | OpenXR-Loader] : RuntimeInterface::LoadRuntimes - failed to load a runtime
Error [GENERAL | xrEnumerateInstanceExtensionProperties | OpenXR-Loader] : Failed to find default runtime with RuntimeInterface::LoadRuntime()
Error [GENERAL | xrEnumerateInstanceExtensionProperties | OpenXR-Loader] : Failed querying extension properties
[2026.07.02-03.39.37:224][952]LogHMD: Failed to enumerate extensions. Please check that you have a valid OpenXR runtime installed.
Error [GENERAL |  | OpenXR-Loader] : RuntimeManifestFile::FindManifestFiles - failed to determine active runtime file path for this environment
Error [GENERAL | xrEnumerateInstanceExtensionProperties | OpenXR-Loader] : RuntimeInterface::LoadRuntimes - unknown error
Error [GENERAL | xrEnumerateInstanceExtensionProperties | OpenXR-Loader] : RuntimeInterface::LoadRuntimes - failed to load a runtime
Error [GENERAL | xrEnumerateInstanceExtensionProperties | OpenXR-Loader] : Failed to find default runtime with RuntimeInterface::LoadRuntime()
Error [GENERAL | xrEnumerateInstanceExtensionProperties | OpenXR-Loader] : Failed querying extension properties
[2026.07.02-03.39.37:352][178]LogHMD: Failed to enumerate extensions. Please check that you have a valid OpenXR runtime installed.
Error [GENERAL |  | OpenXR-Loader] : RuntimeManifestFile::FindManifestFiles - failed to determine active runtime file path for this environment
Error [GENERAL | xrEnumerateInstanceExtensionProperties | OpenXR-Loader] : RuntimeInterface::LoadRuntimes - unknown error
Error [GENERAL | xrEnumerateInstanceExtensionProperties | OpenXR-Loader] : RuntimeInterface::LoadRuntimes - failed to load a runtime
Error [GENERAL | xrEnumerateInstanceExtensionProperties | OpenXR-Loader] : Failed to find default runtime with RuntimeInterface::LoadRuntime()
Error [GENERAL | xrEnumerateInstanceExtensionProperties | OpenXR-Loader] : Failed querying extension properties
[2026.07.02-03.39.37:475][404]LogHMD: Failed to enumerate extensions. Please check that you have a valid OpenXR runtime installed.
Error [GENERAL |  | OpenXR-Loader] : RuntimeManifestFile::FindManifestFiles - failed to determine active runtime file path for this environment
Error [GENERAL | xrEnumerateInstanceExtensionProperties | OpenXR-Loader] : RuntimeInterface::LoadRuntimes - unknown error
Error [GENERAL | xrEnumerateInstanceExtensionProperties | OpenXR-Loader] : RuntimeInterface::LoadRuntimes - failed to load a runtime
Error [GENERAL | xrEnumerateInstanceExtensionProperties | OpenXR-Loader] : Failed to find default runtime with RuntimeInterface::LoadRuntime()
Error [GENERAL | xrEnumerateInstanceExtensionProperties | OpenXR-Loader] : Failed querying extension properties
[2026.07.02-03.39.37:601][650]LogHMD: Failed to enumerate extensions. Please check that you have a valid OpenXR runtime installed.
Error [GENERAL |  | OpenXR-Loader] : RuntimeManifestFile::FindManifestFiles - failed to determine active runtime file path for this environment
Error [GENERAL | xrEnumerateInstanceExtensionProperties | OpenXR-Loader] : RuntimeInterface::LoadRuntimes - unknown error
Error [GENERAL | xrEnumerateInstanceExtensionProperties | OpenXR-Loader] : RuntimeInterface::LoadRuntimes - failed to load a runtime
Error [GENERAL | xrEnumerateInstanceExtensionProperties | OpenXR-Loader] : Failed to find default runtime with RuntimeInterface::LoadRuntime()
Error [GENERAL | xrEnumerateInstanceExtensionProperties | OpenXR-Loader] : Failed querying extension properties
[2026.07.02-03.39.37:726][842]LogHMD: Failed to enumerate extensions. Please check that you have a valid OpenXR runtime installed.
MavLinkVehicle: confirmed offboard mode
Error [GENERAL |  | OpenXR-Loader] : RuntimeManifestFile::FindManifestFiles - failed to determine active runtime file path for this environment
Error [GENERAL | xrEnumerateInstanceExtensionProperties | OpenXR-Loader] : RuntimeInterface::LoadRuntimes - unknown error
Error [GENERAL | xrEnumerateInstanceExtensionProperties | OpenXR-Loader] : RuntimeInterface::LoadRuntimes - failed to load a runtime
Error [GENERAL | xrEnumerateInstanceExtensionProperties | OpenXR-Loader] : Failed to find default runtime with RuntimeInterface::LoadRuntime()
Error [GENERAL | xrEnumerateInstanceExtensionProperties | OpenXR-Loader] : Failed querying extension properties
[2026.07.02-03.39.37:852][ 68]LogHMD: Failed to enumerate extensions. Please check that you have a valid OpenXR runtime installed.
Error [GENERAL |  | OpenXR-Loader] : RuntimeManifestFile::FindManifestFiles - failed to determine active runtime file path for this environment
Error [GENERAL | xrEnumerateInstanceExtensionProperties | OpenXR-Loader] : RuntimeInterface::LoadRuntimes - unknown error
Error [GENERAL | xrEnumerateInstanceExtensionProperties | OpenXR-Loader] : RuntimeInterface::LoadRuntimes - failed to load a runtime
Error [GENERAL | xrEnumerateInstanceExtensionProperties | OpenXR-Loader] : Failed to find default runtime with RuntimeInterface::LoadRuntime()
Error [GENERAL | xrEnumerateInstanceExtensionProperties | OpenXR-Loader] : Failed querying extension properties
[2026.07.02-03.39.37:976][247]LogHMD: Failed to enumerate extensions. Please check that you have a valid OpenXR runtime installed.
Error [GENERAL |  | OpenXR-Loader] : RuntimeManifestFile::FindManifestFiles - failed to determine active runtime file path for this environment
Error [GENERAL | xrEnumerateInstanceExtensionProperties | OpenXR-Loader] : RuntimeInterface::LoadRuntimes - unknown error
Error [GENERAL | xrEnumerateInstanceExtensionProperties | OpenXR-Loader] : RuntimeInterface::LoadRuntimes - failed to load a runtime
Error [GENERAL | xrEnumerateInstanceExtensionProperties | OpenXR-Loader] : Failed to find default runtime with RuntimeInterface::LoadRuntime()
Error [GENERAL | xrEnumerateInstanceExtensionProperties | OpenXR-Loader] : Failed querying extension properties
[2026.07.02-03.39.38:102][454]LogHMD: Failed to enumerate extensions. Please check that you have a valid OpenXR runtime installed.
Error [GENERAL |  | OpenXR-Loader] : RuntimeManifestFile::FindManifestFiles - failed to determine active runtime file path for this environment
Error [GENERAL | xrEnumerateInstanceExtensionProperties | OpenXR-Loader] : RuntimeInterface::LoadRuntimes - unknown error
Error [GENERAL | xrEnumerateInstanceExtensionProperties | OpenXR-Loader] : RuntimeInterface::LoadRuntimes - failed to load a runtime
Error [GENERAL | xrEnumerateInstanceExtensionProperties | OpenXR-Loader] : Failed to find default runtime with RuntimeInterface::LoadRuntime()
Error [GENERAL | xrEnumerateInstanceExtensionProperties | OpenXR-Loader] : Failed querying extension properties
[2026.07.02-03.39.38:228][666]LogHMD: Failed to enumerate extensions. Please check that you have a valid OpenXR runtime installed.
Error [GENERAL |  | OpenXR-Loader] : RuntimeManifestFile::FindManifestFiles - failed to determine active runtime file path for this environment
Error [GENERAL | xrEnumerateInstanceExtensionProperties | OpenXR-Loader] : RuntimeInterface::LoadRuntimes - unknown error
Error [GENERAL | xrEnumerateInstanceExtensionProperties | OpenXR-Loader] : RuntimeInterface::LoadRuntimes - failed to load a runtime
Error [GENERAL | xrEnumerateInstanceExtensionProperties | OpenXR-Loader] : Failed to find default runtime with RuntimeInterface::LoadRuntime()
Error [GENERAL | xrEnumerateInstanceExtensionProperties | OpenXR-Loader] : Failed querying extension properties
[2026.07.02-03.39.38:353][879]LogHMD: Failed to enumerate extensions. Please check that you have a valid OpenXR runtime installed.
Error [GENERAL |  | OpenXR-Loader] : RuntimeManifestFile::FindManifestFiles - failed to determine active runtime file path for this environment
Error [GENERAL | xrEnumerateInstanceExtensionProperties | OpenXR-Loader] : RuntimeInterface::LoadRuntimes - unknown error
Error [GENERAL | xrEnumerateInstanceExtensionProperties | OpenXR-Loader] : RuntimeInterface::LoadRuntimes - failed to load a runtime
Error [GENERAL | xrEnumerateInstanceExtensionProperties | OpenXR-Loader] : Failed to find default runtime with RuntimeInterface::LoadRuntime()
Error [GENERAL | xrEnumerateInstanceExtensionProperties | OpenXR-Loader] : Failed querying extension properties
[2026.07.02-03.39.38:477][ 61]LogHMD: Failed to enumerate extensions. Please check that you have a valid OpenXR runtime installed.
Error [GENERAL |  | OpenXR-Loader] : RuntimeManifestFile::FindManifestFiles - failed to determine active runtime file path for this environment
Error [GENERAL | xrEnumerateInstanceExtensionProperties | OpenXR-Loader] : RuntimeInterface::LoadRuntimes - unknown error
Error [GENERAL | xrEnumerateInstanceExtensionProperties | OpenXR-Loader] : RuntimeInterface::LoadRuntimes - failed to load a runtime
Error [GENERAL | xrEnumerateInstanceExtensionProperties | OpenXR-Loader] : Failed to find default runtime with RuntimeInterface::LoadRuntime()
Error [GENERAL | xrEnumerateInstanceExtensionProperties | OpenXR-Loader] : Failed querying extension properties
[2026.07.02-03.39.38:603][279]LogHMD: Failed to enumerate extensions. Please check that you have a valid OpenXR runtime installed.
Error [GENERAL |  | OpenXR-Loader] : RuntimeManifestFile::FindManifestFiles - failed to determine active runtime file path for this environment
Error [GENERAL | xrEnumerateInstanceExtensionProperties | OpenXR-Loader] : RuntimeInterface::LoadRuntimes - unknown error
Error [GENERAL | xrEnumerateInstanceExtensionProperties | OpenXR-Loader] : RuntimeInterface::LoadRuntimes - failed to load a runtime
Error [GENERAL | xrEnumerateInstanceExtensionProperties | OpenXR-Loader] : Failed to find default runtime with RuntimeInterface::LoadRuntime()
Error [GENERAL | xrEnumerateInstanceExtensionProperties | OpenXR-Loader] : Failed querying extension properties
[2026.07.02-03.39.38:729][500]LogHMD: Failed to enumerate extensions. Please check that you have a valid OpenXR runtime installed.
MavLinkVehicle: confirmed offboard mode
Error [GENERAL |  | OpenXR-Loader] : RuntimeManifestFile::FindManifestFiles - failed to determine active runtime file path for this environment
Error [GENERAL | xrEnumerateInstanceExtensionProperties | OpenXR-Loader] : RuntimeInterface::LoadRuntimes - unknown error
Error [GENERAL | xrEnumerateInstanceExtensionProperties | OpenXR-Loader] : RuntimeInterface::LoadRuntimes - failed to load a runtime
Error [GENERAL | xrEnumerateInstanceExtensionProperties | OpenXR-Loader] : Failed to find default runtime with RuntimeInterface::LoadRuntime()
Error [GENERAL | xrEnumerateInstanceExtensionProperties | OpenXR-Loader] : Failed querying extension properties
[2026.07.02-03.39.38:853][704]LogHMD: Failed to enumerate extensions. Please check that you have a valid OpenXR runtime installed.
Error [GENERAL |  | OpenXR-Loader] : RuntimeManifestFile::FindManifestFiles - failed to determine active runtime file path for this environment
Error [GENERAL | xrEnumerateInstanceExtensionProperties | OpenXR-Loader] : RuntimeInterface::LoadRuntimes - unknown error
Error [GENERAL | xrEnumerateInstanceExtensionProperties | OpenXR-Loader] : RuntimeInterface::LoadRuntimes - failed to load a runtime
Error [GENERAL | xrEnumerateInstanceExtensionProperties | OpenXR-Loader] : Failed to find default runtime with RuntimeInterface::LoadRuntime()
Error [GENERAL | xrEnumerateInstanceExtensionProperties | OpenXR-Loader] : Failed querying extension properties
[2026.07.02-03.39.38:979][910]LogHMD: Failed to enumerate extensions. Please check that you have a valid OpenXR runtime installed.
Error [GENERAL |  | OpenXR-Loader] : RuntimeManifestFile::FindManifestFiles - failed to determine active runtime file path for this environment
Error [GENERAL | xrEnumerateInstanceExtensionProperties | OpenXR-Loader] : RuntimeInterface::LoadRuntimes - unknown error
Error [GENERAL | xrEnumerateInstanceExtensionProperties | OpenXR-Loader] : RuntimeInterface::LoadRuntimes - failed to load a runtime
Error [GENERAL | xrEnumerateInstanceExtensionProperties | OpenXR-Loader] : Failed to find default runtime with RuntimeInterface::LoadRuntime()
Error [GENERAL | xrEnumerateInstanceExtensionProperties | OpenXR-Loader] : Failed querying extension properties
[2026.07.02-03.39.39:104][132]LogHMD: Failed to enumerate extensions. Please check that you have a valid OpenXR runtime installed.
Error [GENERAL |  | OpenXR-Loader] : RuntimeManifestFile::FindManifestFiles - failed to determine active runtime file path for this environment
Error [GENERAL | xrEnumerateInstanceExtensionProperties | OpenXR-Loader] : RuntimeInterface::LoadRuntimes - unknown error
Error [GENERAL | xrEnumerateInstanceExtensionProperties | OpenXR-Loader] : RuntimeInterface::LoadRuntimes - failed to load a runtime
Error [GENERAL | xrEnumerateInstanceExtensionProperties | OpenXR-Loader] : Failed to find default runtime with RuntimeInterface::LoadRuntime()
Error [GENERAL | xrEnumerateInstanceExtensionProperties | OpenXR-Loader] : Failed querying extension properties
[2026.07.02-03.39.39:230][343]LogHMD: Failed to enumerate extensions. Please check that you have a valid OpenXR runtime installed.
Error [GENERAL |  | OpenXR-Loader] : RuntimeManifestFile::FindManifestFiles - failed to determine active runtime file path for this environment
Error [GENERAL | xrEnumerateInstanceExtensionProperties | OpenXR-Loader] : RuntimeInterface::LoadRuntimes - unknown error
Error [GENERAL | xrEnumerateInstanceExtensionProperties | OpenXR-Loader] : RuntimeInterface::LoadRuntimes - failed to load a runtime
Error [GENERAL | xrEnumerateInstanceExtensionProperties | OpenXR-Loader] : Failed to find default runtime with RuntimeInterface::LoadRuntime()
Error [GENERAL | xrEnumerateInstanceExtensionProperties | OpenXR-Loader] : Failed querying extension properties
[2026.07.02-03.39.39:355][518]LogHMD: Failed to enumerate extensions. Please check that you have a valid OpenXR runtime installed.
Error [GENERAL |  | OpenXR-Loader] : RuntimeManifestFile::FindManifestFiles - failed to determine active runtime file path for this environment
Error [GENERAL | xrEnumerateInstanceExtensionProperties | OpenXR-Loader] : RuntimeInterface::LoadRuntimes - unknown error
Error [GENERAL | xrEnumerateInstanceExtensionProperties | OpenXR-Loader] : RuntimeInterface::LoadRuntimes - failed to load a runtime
Error [GENERAL | xrEnumerateInstanceExtensionProperties | OpenXR-Loader] : Failed to find default runtime with RuntimeInterface::LoadRuntime()
Error [GENERAL | xrEnumerateInstanceExtensionProperties | OpenXR-Loader] : Failed querying extension properties
[2026.07.02-03.39.39:485][692]LogHMD: Failed to enumerate extensions. Please check that you have a valid OpenXR runtime installed.
Error [GENERAL |  | OpenXR-Loader] : RuntimeManifestFile::FindManifestFiles - failed to determine active runtime file path for this environment
Error [GENERAL | xrEnumerateInstanceExtensionProperties | OpenXR-Loader] : RuntimeInterface::LoadRuntimes - unknown error
Error [GENERAL | xrEnumerateInstanceExtensionProperties | OpenXR-Loader] : RuntimeInterface::LoadRuntimes - failed to load a runtime
Error [GENERAL | xrEnumerateInstanceExtensionProperties | OpenXR-Loader] : Failed to find default runtime with RuntimeInterface::LoadRuntime()
Error [GENERAL | xrEnumerateInstanceExtensionProperties | OpenXR-Loader] : Failed querying extension properties
[2026.07.02-03.39.39:610][921]LogHMD: Failed to enumerate extensions. Please check that you have a valid OpenXR runtime installed.
Error [GENERAL |  | OpenXR-Loader] : RuntimeManifestFile::FindManifestFiles - failed to determine active runtime file path for this environment
Error [GENERAL | xrEnumerateInstanceExtensionProperties | OpenXR-Loader] : RuntimeInterface::LoadRuntimes - unknown error
Error [GENERAL | xrEnumerateInstanceExtensionProperties | OpenXR-Loader] : RuntimeInterface::LoadRuntimes - failed to load a runtime
Error [GENERAL | xrEnumerateInstanceExtensionProperties | OpenXR-Loader] : Failed to find default runtime with RuntimeInterface::LoadRuntime()
Error [GENERAL | xrEnumerateInstanceExtensionProperties | OpenXR-Loader] : Failed querying extension properties
[2026.07.02-03.39.39:736][ 98]LogHMD: Failed to enumerate extensions. Please check that you have a valid OpenXR runtime installed.
MavLinkVehicle: confirmed offboard mode
Error [GENERAL |  | OpenXR-Loader] : RuntimeManifestFile::FindManifestFiles - failed to determine active runtime file path for this environment
Error [GENERAL | xrEnumerateInstanceExtensionProperties | OpenXR-Loader] : RuntimeInterface::LoadRuntimes - unknown error
Error [GENERAL | xrEnumerateInstanceExtensionProperties | OpenXR-Loader] : RuntimeInterface::LoadRuntimes - failed to load a runtime
Error [GENERAL | xrEnumerateInstanceExtensionProperties | OpenXR-Loader] : Failed to find default runtime with RuntimeInterface::LoadRuntime()
Error [GENERAL | xrEnumerateInstanceExtensionProperties | OpenXR-Loader] : Failed querying extension properties
[2026.07.02-03.39.39:892][280]LogHMD: Failed to enumerate extensions. Please check that you have a valid OpenXR runtime installed.
Error [GENERAL |  | OpenXR-Loader] : RuntimeManifestFile::FindManifestFiles - failed to determine active runtime file path for this environment
Error [GENERAL | xrEnumerateInstanceExtensionProperties | OpenXR-Loader] : RuntimeInterface::LoadRuntimes - unknown error
Error [GENERAL | xrEnumerateInstanceExtensionProperties | OpenXR-Loader] : RuntimeInterface::LoadRuntimes - failed to load a runtime
Error [GENERAL | xrEnumerateInstanceExtensionProperties | OpenXR-Loader] : Failed to find default runtime with RuntimeInterface::LoadRuntime()
Error [GENERAL | xrEnumerateInstanceExtensionProperties | OpenXR-Loader] : Failed querying extension properties
[2026.07.02-03.39.40:017][458]LogHMD: Failed to enumerate extensions. Please check that you have a valid OpenXR runtime installed.
Error [GENERAL |  | OpenXR-Loader] : RuntimeManifestFile::FindManifestFiles - failed to determine active runtime file path for this environment
Error [GENERAL | xrEnumerateInstanceExtensionProperties | OpenXR-Loader] : RuntimeInterface::LoadRuntimes - unknown error
Error [GENERAL | xrEnumerateInstanceExtensionProperties | OpenXR-Loader] : RuntimeInterface::LoadRuntimes - failed to load a runtime
Error [GENERAL | xrEnumerateInstanceExtensionProperties | OpenXR-Loader] : Failed to find default runtime with RuntimeInterface::LoadRuntime()
Error [GENERAL | xrEnumerateInstanceExtensionProperties | OpenXR-Loader] : Failed querying extension properties
[2026.07.02-03.39.40:142][655]LogHMD: Failed to enumerate extensions. Please check that you have a valid OpenXR runtime installed.
Error [GENERAL |  | OpenXR-Loader] : RuntimeManifestFile::FindManifestFiles - failed to determine active runtime file path for this environment
Error [GENERAL | xrEnumerateInstanceExtensionProperties | OpenXR-Loader] : RuntimeInterface::LoadRuntimes - unknown error
Error [GENERAL | xrEnumerateInstanceExtensionProperties | OpenXR-Loader] : RuntimeInterface::LoadRuntimes - failed to load a runtime
Error [GENERAL | xrEnumerateInstanceExtensionProperties | OpenXR-Loader] : Failed to find default runtime with RuntimeInterface::LoadRuntime()
Error [GENERAL | xrEnumerateInstanceExtensionProperties | OpenXR-Loader] : Failed querying extension properties
[2026.07.02-03.39.40:267][853]LogHMD: Failed to enumerate extensions. Please check that you have a valid OpenXR runtime installed.
Error [GENERAL |  | OpenXR-Loader] : RuntimeManifestFile::FindManifestFiles - failed to determine active runtime file path for this environment
Error [GENERAL | xrEnumerateInstanceExtensionProperties | OpenXR-Loader] : RuntimeInterface::LoadRuntimes - unknown error
Error [GENERAL | xrEnumerateInstanceExtensionProperties | OpenXR-Loader] : RuntimeInterface::LoadRuntimes - failed to load a runtime
Error [GENERAL | xrEnumerateInstanceExtensionProperties | OpenXR-Loader] : Failed to find default runtime with RuntimeInterface::LoadRuntime()
Error [GENERAL | xrEnumerateInstanceExtensionProperties | OpenXR-Loader] : Failed querying extension properties
[2026.07.02-03.39.40:393][ 46]LogHMD: Failed to enumerate extensions. Please check that you have a valid OpenXR runtime installed.
Error [GENERAL |  | OpenXR-Loader] : RuntimeManifestFile::FindManifestFiles - failed to determine active runtime file path for this environment
Error [GENERAL | xrEnumerateInstanceExtensionProperties | OpenXR-Loader] : RuntimeInterface::LoadRuntimes - unknown error
Error [GENERAL | xrEnumerateInstanceExtensionProperties | OpenXR-Loader] : RuntimeInterface::LoadRuntimes - failed to load a runtime
Error [GENERAL | xrEnumerateInstanceExtensionProperties | OpenXR-Loader] : Failed to find default runtime with RuntimeInterface::LoadRuntime()
Error [GENERAL | xrEnumerateInstanceExtensionProperties | OpenXR-Loader] : Failed querying extension properties
[2026.07.02-03.39.40:518][250]LogHMD: Failed to enumerate extensions. Please check that you have a valid OpenXR runtime installed.
Error [GENERAL |  | OpenXR-Loader] : RuntimeManifestFile::FindManifestFiles - failed to determine active runtime file path for this environment
Error [GENERAL | xrEnumerateInstanceExtensionProperties | OpenXR-Loader] : RuntimeInterface::LoadRuntimes - unknown error
Error [GENERAL | xrEnumerateInstanceExtensionProperties | OpenXR-Loader] : RuntimeInterface::LoadRuntimes - failed to load a runtime
Error [GENERAL | xrEnumerateInstanceExtensionProperties | OpenXR-Loader] : Failed to find default runtime with RuntimeInterface::LoadRuntime()
Error [GENERAL | xrEnumerateInstanceExtensionProperties | OpenXR-Loader] : Failed querying extension properties
[2026.07.02-03.39.40:643][434]LogHMD: Failed to enumerate extensions. Please check that you have a valid OpenXR runtime installed.
Error [GENERAL |  | OpenXR-Loader] : RuntimeManifestFile::FindManifestFiles - failed to determine active runtime file path for this environment
Error [GENERAL | xrEnumerateInstanceExtensionProperties | OpenXR-Loader] : RuntimeInterface::LoadRuntimes - unknown error
Error [GENERAL | xrEnumerateInstanceExtensionProperties | OpenXR-Loader] : RuntimeInterface::LoadRuntimes - failed to load a runtime
Error [GENERAL | xrEnumerateInstanceExtensionProperties | OpenXR-Loader] : Failed to find default runtime with RuntimeInterface::LoadRuntime()
Error [GENERAL | xrEnumerateInstanceExtensionProperties | OpenXR-Loader] : Failed querying extension properties
[2026.07.02-03.39.40:768][640]LogHMD: Failed to enumerate extensions. Please check that you have a valid OpenXR runtime installed.
MavLinkVehicle: confirmed offboard mode
Error [GENERAL |  | OpenXR-Loader] : RuntimeManifestFile::FindManifestFiles - failed to determine active runtime file path for this environment
Error [GENERAL | xrEnumerateInstanceExtensionProperties | OpenXR-Loader] : RuntimeInterface::LoadRuntimes - unknown error
Error [GENERAL | xrEnumerateInstanceExtensionProperties | OpenXR-Loader] : RuntimeInterface::LoadRuntimes - failed to load a runtime
Error [GENERAL | xrEnumerateInstanceExtensionProperties | OpenXR-Loader] : Failed to find default runtime with RuntimeInterface::LoadRuntime()
Error [GENERAL | xrEnumerateInstanceExtensionProperties | OpenXR-Loader] : Failed querying extension properties
[2026.07.02-03.39.40:904][868]LogHMD: Failed to enumerate extensions. Please check that you have a valid OpenXR runtime installed.
Error [GENERAL |  | OpenXR-Loader] : RuntimeManifestFile::FindManifestFiles - failed to determine active runtime file path for this environment
Error [GENERAL | xrEnumerateInstanceExtensionProperties | OpenXR-Loader] : RuntimeInterface::LoadRuntimes - unknown error
Error [GENERAL | xrEnumerateInstanceExtensionProperties | OpenXR-Loader] : RuntimeInterface::LoadRuntimes - failed to load a runtime
Error [GENERAL | xrEnumerateInstanceExtensionProperties | OpenXR-Loader] : Failed to find default runtime with RuntimeInterface::LoadRuntime()
Error [GENERAL | xrEnumerateInstanceExtensionProperties | OpenXR-Loader] : Failed querying extension properties
[2026.07.02-03.39.41:035][ 37]LogHMD: Failed to enumerate extensions. Please check that you have a valid OpenXR runtime installed.
Error [GENERAL |  | OpenXR-Loader] : RuntimeManifestFile::FindManifestFiles - failed to determine active runtime file path for this environment
Error [GENERAL | xrEnumerateInstanceExtensionProperties | OpenXR-Loader] : RuntimeInterface::LoadRuntimes - unknown error
Error [GENERAL | xrEnumerateInstanceExtensionProperties | OpenXR-Loader] : RuntimeInterface::LoadRuntimes - failed to load a runtime
Error [GENERAL | xrEnumerateInstanceExtensionProperties | OpenXR-Loader] : Failed to find default runtime with RuntimeInterface::LoadRuntime()
Error [GENERAL | xrEnumerateInstanceExtensionProperties | OpenXR-Loader] : Failed querying extension properties
[2026.07.02-03.39.41:162][219]LogHMD: Failed to enumerate extensions. Please check that you have a valid OpenXR runtime installed.
Error [GENERAL |  | OpenXR-Loader] : RuntimeManifestFile::FindManifestFiles - failed to determine active runtime file path for this environment
Error [GENERAL | xrEnumerateInstanceExtensionProperties | OpenXR-Loader] : RuntimeInterface::LoadRuntimes - unknown error
Error [GENERAL | xrEnumerateInstanceExtensionProperties | OpenXR-Loader] : RuntimeInterface::LoadRuntimes - failed to load a runtime
Error [GENERAL | xrEnumerateInstanceExtensionProperties | OpenXR-Loader] : Failed to find default runtime with RuntimeInterface::LoadRuntime()
Error [GENERAL | xrEnumerateInstanceExtensionProperties | OpenXR-Loader] : Failed querying extension properties
[2026.07.02-03.39.41:286][407]LogHMD: Failed to enumerate extensions. Please check that you have a valid OpenXR runtime installed.
Error [GENERAL |  | OpenXR-Loader] : RuntimeManifestFile::FindManifestFiles - failed to determine active runtime file path for this environment
Error [GENERAL | xrEnumerateInstanceExtensionProperties | OpenXR-Loader] : RuntimeInterface::LoadRuntimes - unknown error
Error [GENERAL | xrEnumerateInstanceExtensionProperties | OpenXR-Loader] : RuntimeInterface::LoadRuntimes - failed to load a runtime
Error [GENERAL | xrEnumerateInstanceExtensionProperties | OpenXR-Loader] : Failed to find default runtime with RuntimeInterface::LoadRuntime()
Error [GENERAL | xrEnumerateInstanceExtensionProperties | OpenXR-Loader] : Failed querying extension properties
[2026.07.02-03.39.41:414][577]LogHMD: Failed to enumerate extensions. Please check that you have a valid OpenXR runtime installed.
Error [GENERAL |  | OpenXR-Loader] : RuntimeManifestFile::FindManifestFiles - failed to determine active runtime file path for this environment
Error [GENERAL | xrEnumerateInstanceExtensionProperties | OpenXR-Loader] : RuntimeInterface::LoadRuntimes - unknown error
Error [GENERAL | xrEnumerateInstanceExtensionProperties | OpenXR-Loader] : RuntimeInterface::LoadRuntimes - failed to load a runtime
Error [GENERAL | xrEnumerateInstanceExtensionProperties | OpenXR-Loader] : Failed to find default runtime with RuntimeInterface::LoadRuntime()
Error [GENERAL | xrEnumerateInstanceExtensionProperties | OpenXR-Loader] : Failed querying extension properties
[2026.07.02-03.39.41:539][756]LogHMD: Failed to enumerate extensions. Please check that you have a valid OpenXR runtime installed.
Error [GENERAL |  | OpenXR-Loader] : RuntimeManifestFile::FindManifestFiles - failed to determine active runtime file path for this environment
Error [GENERAL | xrEnumerateInstanceExtensionProperties | OpenXR-Loader] : RuntimeInterface::LoadRuntimes - unknown error
Error [GENERAL | xrEnumerateInstanceExtensionProperties | OpenXR-Loader] : RuntimeInterface::LoadRuntimes - failed to load a runtime
Error [GENERAL | xrEnumerateInstanceExtensionProperties | OpenXR-Loader] : Failed to find default runtime with RuntimeInterface::LoadRuntime()
Error [GENERAL | xrEnumerateInstanceExtensionProperties | OpenXR-Loader] : Failed querying extension properties
[2026.07.02-03.39.41:665][948]LogHMD: Failed to enumerate extensions. Please check that you have a valid OpenXR runtime installed.
MavLinkVehicle: confirmed offboard mode
Error [GENERAL |  | OpenXR-Loader] : RuntimeManifestFile::FindManifestFiles - failed to determine active runtime file path for this environment
Error [GENERAL | xrEnumerateInstanceExtensionProperties | OpenXR-Loader] : RuntimeInterface::LoadRuntimes - unknown error
Error [GENERAL | xrEnumerateInstanceExtensionProperties | OpenXR-Loader] : RuntimeInterface::LoadRuntimes - failed to load a runtime
Error [GENERAL | xrEnumerateInstanceExtensionProperties | OpenXR-Loader] : Failed to find default runtime with RuntimeInterface::LoadRuntime()
Error [GENERAL | xrEnumerateInstanceExtensionProperties | OpenXR-Loader] : Failed querying extension properties
[2026.07.02-03.39.41:790][154]LogHMD: Failed to enumerate extensions. Please check that you have a valid OpenXR runtime installed.
Error [GENERAL |  | OpenXR-Loader] : RuntimeManifestFile::FindManifestFiles - failed to determine active runtime file path for this environment
Error [GENERAL | xrEnumerateInstanceExtensionProperties | OpenXR-Loader] : RuntimeInterface::LoadRuntimes - unknown error
Error [GENERAL | xrEnumerateInstanceExtensionProperties | OpenXR-Loader] : RuntimeInterface::LoadRuntimes - failed to load a runtime
Error [GENERAL | xrEnumerateInstanceExtensionProperties | OpenXR-Loader] : Failed to find default runtime with RuntimeInterface::LoadRuntime()
Error [GENERAL | xrEnumerateInstanceExtensionProperties | OpenXR-Loader] : Failed querying extension properties
[2026.07.02-03.39.41:915][338]LogHMD: Failed to enumerate extensions. Please check that you have a valid OpenXR runtime installed.
Error [GENERAL |  | OpenXR-Loader] : RuntimeManifestFile::FindManifestFiles - failed to determine active runtime file path for this environment
Error [GENERAL | xrEnumerateInstanceExtensionProperties | OpenXR-Loader] : RuntimeInterface::LoadRuntimes - unknown error
Error [GENERAL | xrEnumerateInstanceExtensionProperties | OpenXR-Loader] : RuntimeInterface::LoadRuntimes - failed to load a runtime
Error [GENERAL | xrEnumerateInstanceExtensionProperties | OpenXR-Loader] : Failed to find default runtime with RuntimeInterface::LoadRuntime()
Error [GENERAL | xrEnumerateInstanceExtensionProperties | OpenXR-Loader] : Failed querying extension properties
[2026.07.02-03.39.42:044][549]LogHMD: Failed to enumerate extensions. Please check that you have a valid OpenXR runtime installed.
Error [GENERAL |  | OpenXR-Loader] : RuntimeManifestFile::FindManifestFiles - failed to determine active runtime file path for this environment
Error [GENERAL | xrEnumerateInstanceExtensionProperties | OpenXR-Loader] : RuntimeInterface::LoadRuntimes - unknown error
Error [GENERAL | xrEnumerateInstanceExtensionProperties | OpenXR-Loader] : RuntimeInterface::LoadRuntimes - failed to load a runtime
Error [GENERAL | xrEnumerateInstanceExtensionProperties | OpenXR-Loader] : Failed to find default runtime with RuntimeInterface::LoadRuntime()
Error [GENERAL | xrEnumerateInstanceExtensionProperties | OpenXR-Loader] : Failed querying extension properties
[2026.07.02-03.39.42:174][752]LogHMD: Failed to enumerate extensions. Please check that you have a valid OpenXR runtime installed.
Error [GENERAL |  | OpenXR-Loader] : RuntimeManifestFile::FindManifestFiles - failed to determine active runtime file path for this environment
Error [GENERAL | xrEnumerateInstanceExtensionProperties | OpenXR-Loader] : RuntimeInterface::LoadRuntimes - unknown error
Error [GENERAL | xrEnumerateInstanceExtensionProperties | OpenXR-Loader] : RuntimeInterface::LoadRuntimes - failed to load a runtime
Error [GENERAL | xrEnumerateInstanceExtensionProperties | OpenXR-Loader] : Failed to find default runtime with RuntimeInterface::LoadRuntime()
Error [GENERAL | xrEnumerateInstanceExtensionProperties | OpenXR-Loader] : Failed querying extension properties
[2026.07.02-03.39.42:301][963]LogHMD: Failed to enumerate extensions. Please check that you have a valid OpenXR runtime installed.
Error [GENERAL |  | OpenXR-Loader] : RuntimeManifestFile::FindManifestFiles - failed to determine active runtime file path for this environment
Error [GENERAL | xrEnumerateInstanceExtensionProperties | OpenXR-Loader] : RuntimeInterface::LoadRuntimes - unknown error
Error [GENERAL | xrEnumerateInstanceExtensionProperties | OpenXR-Loader] : RuntimeInterface::LoadRuntimes - failed to load a runtime
Error [GENERAL | xrEnumerateInstanceExtensionProperties | OpenXR-Loader] : Failed to find default runtime with RuntimeInterface::LoadRuntime()
Error [GENERAL | xrEnumerateInstanceExtensionProperties | OpenXR-Loader] : Failed querying extension properties
[2026.07.02-03.39.42:425][126]LogHMD: Failed to enumerate extensions. Please check that you have a valid OpenXR runtime installed.
Error [GENERAL |  | OpenXR-Loader] : RuntimeManifestFile::FindManifestFiles - failed to determine active runtime file path for this environment
Error [GENERAL | xrEnumerateInstanceExtensionProperties | OpenXR-Loader] : RuntimeInterface::LoadRuntimes - unknown error
Error [GENERAL | xrEnumerateInstanceExtensionProperties | OpenXR-Loader] : RuntimeInterface::LoadRuntimes - failed to load a runtime
Error [GENERAL | xrEnumerateInstanceExtensionProperties | OpenXR-Loader] : Failed to find default runtime with RuntimeInterface::LoadRuntime()
Error [GENERAL | xrEnumerateInstanceExtensionProperties | OpenXR-Loader] : Failed querying extension properties
[2026.07.02-03.39.42:553][303]LogHMD: Failed to enumerate extensions. Please check that you have a valid OpenXR runtime installed.
Error [GENERAL |  | OpenXR-Loader] : RuntimeManifestFile::FindManifestFiles - failed to determine active runtime file path for this environment
Error [GENERAL | xrEnumerateInstanceExtensionProperties | OpenXR-Loader] : RuntimeInterface::LoadRuntimes - unknown error
Error [GENERAL | xrEnumerateInstanceExtensionProperties | OpenXR-Loader] : RuntimeInterface::LoadRuntimes - failed to load a runtime
Error [GENERAL | xrEnumerateInstanceExtensionProperties | OpenXR-Loader] : Failed to find default runtime with RuntimeInterface::LoadRuntime()
Error [GENERAL | xrEnumerateInstanceExtensionProperties | OpenXR-Loader] : Failed querying extension properties
[2026.07.02-03.39.42:678][504]LogHMD: Failed to enumerate extensions. Please check that you have a valid OpenXR runtime installed.
MavLinkVehicle: confirmed offboard mode
Error [GENERAL |  | OpenXR-Loader] : RuntimeManifestFile::FindManifestFiles - failed to determine active runtime file path for this environment
Error [GENERAL | xrEnumerateInstanceExtensionProperties | OpenXR-Loader] : RuntimeInterface::LoadRuntimes - unknown error
Error [GENERAL | xrEnumerateInstanceExtensionProperties | OpenXR-Loader] : RuntimeInterface::LoadRuntimes - failed to load a runtime
Error [GENERAL | xrEnumerateInstanceExtensionProperties | OpenXR-Loader] : Failed to find default runtime with RuntimeInterface::LoadRuntime()
Error [GENERAL | xrEnumerateInstanceExtensionProperties | OpenXR-Loader] : Failed querying extension properties
[2026.07.02-03.39.42:804][703]LogHMD: Failed to enumerate extensions. Please check that you have a valid OpenXR runtime installed.
Error [GENERAL |  | OpenXR-Loader] : RuntimeManifestFile::FindManifestFiles - failed to determine active runtime file path for this environment
Error [GENERAL | xrEnumerateInstanceExtensionProperties | OpenXR-Loader] : RuntimeInterface::LoadRuntimes - unknown error
Error [GENERAL | xrEnumerateInstanceExtensionProperties | OpenXR-Loader] : RuntimeInterface::LoadRuntimes - failed to load a runtime
Error [GENERAL | xrEnumerateInstanceExtensionProperties | OpenXR-Loader] : Failed to find default runtime with RuntimeInterface::LoadRuntime()
Error [GENERAL | xrEnumerateInstanceExtensionProperties | OpenXR-Loader] : Failed querying extension properties
[2026.07.02-03.39.42:930][908]LogHMD: Failed to enumerate extensions. Please check that you have a valid OpenXR runtime installed.
Error [GENERAL |  | OpenXR-Loader] : RuntimeManifestFile::FindManifestFiles - failed to determine active runtime file path for this environment
Error [GENERAL | xrEnumerateInstanceExtensionProperties | OpenXR-Loader] : RuntimeInterface::LoadRuntimes - unknown error
Error [GENERAL | xrEnumerateInstanceExtensionProperties | OpenXR-Loader] : RuntimeInterface::LoadRuntimes - failed to load a runtime
Error [GENERAL | xrEnumerateInstanceExtensionProperties | OpenXR-Loader] : Failed to find default runtime with RuntimeInterface::LoadRuntime()
Error [GENERAL | xrEnumerateInstanceExtensionProperties | OpenXR-Loader] : Failed querying extension properties
[2026.07.02-03.39.43:055][117]LogHMD: Failed to enumerate extensions. Please check that you have a valid OpenXR runtime installed.
Error [GENERAL |  | OpenXR-Loader] : RuntimeManifestFile::FindManifestFiles - failed to determine active runtime file path for this environment
Error [GENERAL | xrEnumerateInstanceExtensionProperties | OpenXR-Loader] : RuntimeInterface::LoadRuntimes - unknown error
Error [GENERAL | xrEnumerateInstanceExtensionProperties | OpenXR-Loader] : RuntimeInterface::LoadRuntimes - failed to load a runtime
Error [GENERAL | xrEnumerateInstanceExtensionProperties | OpenXR-Loader] : Failed to find default runtime with RuntimeInterface::LoadRuntime()
Error [GENERAL | xrEnumerateInstanceExtensionProperties | OpenXR-Loader] : Failed querying extension properties
[2026.07.02-03.39.43:180][309]LogHMD: Failed to enumerate extensions. Please check that you have a valid OpenXR runtime installed.
Error [GENERAL |  | OpenXR-Loader] : RuntimeManifestFile::FindManifestFiles - failed to determine active runtime file path for this environment
Error [GENERAL | xrEnumerateInstanceExtensionProperties | OpenXR-Loader] : RuntimeInterface::LoadRuntimes - unknown error
Error [GENERAL | xrEnumerateInstanceExtensionProperties | OpenXR-Loader] : RuntimeInterface::LoadRuntimes - failed to load a runtime
Error [GENERAL | xrEnumerateInstanceExtensionProperties | OpenXR-Loader] : Failed to find default runtime with RuntimeInterface::LoadRuntime()
Error [GENERAL | xrEnumerateInstanceExtensionProperties | OpenXR-Loader] : Failed querying extension properties
[2026.07.02-03.39.43:305][513]LogHMD: Failed to enumerate extensions. Please check that you have a valid OpenXR runtime installed.
Error [GENERAL |  | OpenXR-Loader] : RuntimeManifestFile::FindManifestFiles - failed to determine active runtime file path for this environment
Error [GENERAL | xrEnumerateInstanceExtensionProperties | OpenXR-Loader] : RuntimeInterface::LoadRuntimes - unknown error
Error [GENERAL | xrEnumerateInstanceExtensionProperties | OpenXR-Loader] : RuntimeInterface::LoadRuntimes - failed to load a runtime
Error [GENERAL | xrEnumerateInstanceExtensionProperties | OpenXR-Loader] : Failed to find default runtime with RuntimeInterface::LoadRuntime()
Error [GENERAL | xrEnumerateInstanceExtensionProperties | OpenXR-Loader] : Failed querying extension properties
[2026.07.02-03.39.43:431][695]LogHMD: Failed to enumerate extensions. Please check that you have a valid OpenXR runtime installed.
Error [GENERAL |  | OpenXR-Loader] : RuntimeManifestFile::FindManifestFiles - failed to determine active runtime file path for this environment
Error [GENERAL | xrEnumerateInstanceExtensionProperties | OpenXR-Loader] : RuntimeInterface::LoadRuntimes - unknown error
Error [GENERAL | xrEnumerateInstanceExtensionProperties | OpenXR-Loader] : RuntimeInterface::LoadRuntimes - failed to load a runtime
Error [GENERAL | xrEnumerateInstanceExtensionProperties | OpenXR-Loader] : Failed to find default runtime with RuntimeInterface::LoadRuntime()
Error [GENERAL | xrEnumerateInstanceExtensionProperties | OpenXR-Loader] : Failed querying extension properties
[2026.07.02-03.39.43:556][905]LogHMD: Failed to enumerate extensions. Please check that you have a valid OpenXR runtime installed.
Error [GENERAL |  | OpenXR-Loader] : RuntimeManifestFile::FindManifestFiles - failed to determine active runtime file path for this environment
Error [GENERAL | xrEnumerateInstanceExtensionProperties | OpenXR-Loader] : RuntimeInterface::LoadRuntimes - unknown error
Error [GENERAL | xrEnumerateInstanceExtensionProperties | OpenXR-Loader] : RuntimeInterface::LoadRuntimes - failed to load a runtime
Error [GENERAL | xrEnumerateInstanceExtensionProperties | OpenXR-Loader] : Failed to find default runtime with RuntimeInterface::LoadRuntime()
Error [GENERAL | xrEnumerateInstanceExtensionProperties | OpenXR-Loader] : Failed querying extension properties
[2026.07.02-03.39.43:682][ 87]LogHMD: Failed to enumerate extensions. Please check that you have a valid OpenXR runtime installed.
MavLinkVehicle: confirmed offboard mode
Error [GENERAL |  | OpenXR-Loader] : RuntimeManifestFile::FindManifestFiles - failed to determine active runtime file path for this environment
Error [GENERAL | xrEnumerateInstanceExtensionProperties | OpenXR-Loader] : RuntimeInterface::LoadRuntimes - unknown error
Error [GENERAL | xrEnumerateInstanceExtensionProperties | OpenXR-Loader] : RuntimeInterface::LoadRuntimes - failed to load a runtime
Error [GENERAL | xrEnumerateInstanceExtensionProperties | OpenXR-Loader] : Failed to find default runtime with RuntimeInterface::LoadRuntime()
Error [GENERAL | xrEnumerateInstanceExtensionProperties | OpenXR-Loader] : Failed querying extension properties
[2026.07.02-03.39.43:808][296]LogHMD: Failed to enumerate extensions. Please check that you have a valid OpenXR runtime installed.
Error [GENERAL |  | OpenXR-Loader] : RuntimeManifestFile::FindManifestFiles - failed to determine active runtime file path for this environment
Error [GENERAL | xrEnumerateInstanceExtensionProperties | OpenXR-Loader] : RuntimeInterface::LoadRuntimes - unknown error
Error [GENERAL | xrEnumerateInstanceExtensionProperties | OpenXR-Loader] : RuntimeInterface::LoadRuntimes - failed to load a runtime
Error [GENERAL | xrEnumerateInstanceExtensionProperties | OpenXR-Loader] : Failed to find default runtime with RuntimeInterface::LoadRuntime()
Error [GENERAL | xrEnumerateInstanceExtensionProperties | OpenXR-Loader] : Failed querying extension properties
[2026.07.02-03.39.43:932][507]LogHMD: Failed to enumerate extensions. Please check that you have a valid OpenXR runtime installed.
Error [GENERAL |  | OpenXR-Loader] : RuntimeManifestFile::FindManifestFiles - failed to determine active runtime file path for this environment
Error [GENERAL | xrEnumerateInstanceExtensionProperties | OpenXR-Loader] : RuntimeInterface::LoadRuntimes - unknown error
Error [GENERAL | xrEnumerateInstanceExtensionProperties | OpenXR-Loader] : RuntimeInterface::LoadRuntimes - failed to load a runtime
Error [GENERAL | xrEnumerateInstanceExtensionProperties | OpenXR-Loader] : Failed to find default runtime with RuntimeInterface::LoadRuntime()
Error [GENERAL | xrEnumerateInstanceExtensionProperties | OpenXR-Loader] : Failed querying extension properties
[2026.07.02-03.39.44:063][710]LogHMD: Failed to enumerate extensions. Please check that you have a valid OpenXR runtime installed.
Error [GENERAL |  | OpenXR-Loader] : RuntimeManifestFile::FindManifestFiles - failed to determine active runtime file path for this environment
Error [GENERAL | xrEnumerateInstanceExtensionProperties | OpenXR-Loader] : RuntimeInterface::LoadRuntimes - unknown error
Error [GENERAL | xrEnumerateInstanceExtensionProperties | OpenXR-Loader] : RuntimeInterface::LoadRuntimes - failed to load a runtime
Error [GENERAL | xrEnumerateInstanceExtensionProperties | OpenXR-Loader] : Failed to find default runtime with RuntimeInterface::LoadRuntime()
Error [GENERAL | xrEnumerateInstanceExtensionProperties | OpenXR-Loader] : Failed querying extension properties
[2026.07.02-03.39.44:188][899]LogHMD: Failed to enumerate extensions. Please check that you have a valid OpenXR runtime installed.
Error [GENERAL |  | OpenXR-Loader] : RuntimeManifestFile::FindManifestFiles - failed to determine active runtime file path for this environment
Error [GENERAL | xrEnumerateInstanceExtensionProperties | OpenXR-Loader] : RuntimeInterface::LoadRuntimes - unknown error
Error [GENERAL | xrEnumerateInstanceExtensionProperties | OpenXR-Loader] : RuntimeInterface::LoadRuntimes - failed to load a runtime
Error [GENERAL | xrEnumerateInstanceExtensionProperties | OpenXR-Loader] : Failed to find default runtime with RuntimeInterface::LoadRuntime()
Error [GENERAL | xrEnumerateInstanceExtensionProperties | OpenXR-Loader] : Failed querying extension properties
[2026.07.02-03.39.44:313][ 99]LogHMD: Failed to enumerate extensions. Please check that you have a valid OpenXR runtime installed.
Error [GENERAL |  | OpenXR-Loader] : RuntimeManifestFile::FindManifestFiles - failed to determine active runtime file path for this environment
Error [GENERAL | xrEnumerateInstanceExtensionProperties | OpenXR-Loader] : RuntimeInterface::LoadRuntimes - unknown error
Error [GENERAL | xrEnumerateInstanceExtensionProperties | OpenXR-Loader] : RuntimeInterface::LoadRuntimes - failed to load a runtime
Error [GENERAL | xrEnumerateInstanceExtensionProperties | OpenXR-Loader] : Failed to find default runtime with RuntimeInterface::LoadRuntime()
Error [GENERAL | xrEnumerateInstanceExtensionProperties | OpenXR-Loader] : Failed querying extension properties
[2026.07.02-03.39.44:447][297]LogHMD: Failed to enumerate extensions. Please check that you have a valid OpenXR runtime installed.
Error [GENERAL |  | OpenXR-Loader] : RuntimeManifestFile::FindManifestFiles - failed to determine active runtime file path for this environment
Error [GENERAL | xrEnumerateInstanceExtensionProperties | OpenXR-Loader] : RuntimeInterface::LoadRuntimes - unknown error
Error [GENERAL | xrEnumerateInstanceExtensionProperties | OpenXR-Loader] : RuntimeInterface::LoadRuntimes - failed to load a runtime
Error [GENERAL | xrEnumerateInstanceExtensionProperties | OpenXR-Loader] : Failed to find default runtime with RuntimeInterface::LoadRuntime()
Error [GENERAL | xrEnumerateInstanceExtensionProperties | OpenXR-Loader] : Failed querying extension properties
[2026.07.02-03.39.44:573][436]LogHMD: Failed to enumerate extensions. Please check that you have a valid OpenXR runtime installed.
Error [GENERAL |  | OpenXR-Loader] : RuntimeManifestFile::FindManifestFiles - failed to determine active runtime file path for this environment
Error [GENERAL | xrEnumerateInstanceExtensionProperties | OpenXR-Loader] : RuntimeInterface::LoadRuntimes - unknown error
Error [GENERAL | xrEnumerateInstanceExtensionProperties | OpenXR-Loader] : RuntimeInterface::LoadRuntimes - failed to load a runtime
Error [GENERAL | xrEnumerateInstanceExtensionProperties | OpenXR-Loader] : Failed to find default runtime with RuntimeInterface::LoadRuntime()
Error [GENERAL | xrEnumerateInstanceExtensionProperties | OpenXR-Loader] : Failed querying extension properties
[2026.07.02-03.39.44:704][624]LogHMD: Failed to enumerate extensions. Please check that you have a valid OpenXR runtime installed.
MavLinkVehicle: confirmed offboard mode
Error [GENERAL |  | OpenXR-Loader] : RuntimeManifestFile::FindManifestFiles - failed to determine active runtime file path for this environment
Error [GENERAL | xrEnumerateInstanceExtensionProperties | OpenXR-Loader] : RuntimeInterface::LoadRuntimes - unknown error
Error [GENERAL | xrEnumerateInstanceExtensionProperties | OpenXR-Loader] : RuntimeInterface::LoadRuntimes - failed to load a runtime
Error [GENERAL | xrEnumerateInstanceExtensionProperties | OpenXR-Loader] : Failed to find default runtime with RuntimeInterface::LoadRuntime()
Error [GENERAL | xrEnumerateInstanceExtensionProperties | OpenXR-Loader] : Failed querying extension properties
[2026.07.02-03.39.44:829][811]LogHMD: Failed to enumerate extensions. Please check that you have a valid OpenXR runtime installed.
Error [GENERAL |  | OpenXR-Loader] : RuntimeManifestFile::FindManifestFiles - failed to determine active runtime file path for this environment
Error [GENERAL | xrEnumerateInstanceExtensionProperties | OpenXR-Loader] : RuntimeInterface::LoadRuntimes - unknown error
Error [GENERAL | xrEnumerateInstanceExtensionProperties | OpenXR-Loader] : RuntimeInterface::LoadRuntimes - failed to load a runtime
Error [GENERAL | xrEnumerateInstanceExtensionProperties | OpenXR-Loader] : Failed to find default runtime with RuntimeInterface::LoadRuntime()
Error [GENERAL | xrEnumerateInstanceExtensionProperties | OpenXR-Loader] : Failed querying extension properties
[2026.07.02-03.39.44:954][  2]LogHMD: Failed to enumerate extensions. Please check that you have a valid OpenXR runtime installed.
Error [GENERAL |  | OpenXR-Loader] : RuntimeManifestFile::FindManifestFiles - failed to determine active runtime file path for this environment
Error [GENERAL | xrEnumerateInstanceExtensionProperties | OpenXR-Loader] : RuntimeInterface::LoadRuntimes - unknown error
Error [GENERAL | xrEnumerateInstanceExtensionProperties | OpenXR-Loader] : RuntimeInterface::LoadRuntimes - failed to load a runtime
Error [GENERAL | xrEnumerateInstanceExtensionProperties | OpenXR-Loader] : Failed to find default runtime with RuntimeInterface::LoadRuntime()
Error [GENERAL | xrEnumerateInstanceExtensionProperties | OpenXR-Loader] : Failed querying extension properties
[2026.07.02-03.39.45:080][192]LogHMD: Failed to enumerate extensions. Please check that you have a valid OpenXR runtime installed.
Error [GENERAL |  | OpenXR-Loader] : RuntimeManifestFile::FindManifestFiles - failed to determine active runtime file path for this environment
Error [GENERAL | xrEnumerateInstanceExtensionProperties | OpenXR-Loader] : RuntimeInterface::LoadRuntimes - unknown error
Error [GENERAL | xrEnumerateInstanceExtensionProperties | OpenXR-Loader] : RuntimeInterface::LoadRuntimes - failed to load a runtime
Error [GENERAL | xrEnumerateInstanceExtensionProperties | OpenXR-Loader] : Failed to find default runtime with RuntimeInterface::LoadRuntime()
Error [GENERAL | xrEnumerateInstanceExtensionProperties | OpenXR-Loader] : Failed querying extension properties
[2026.07.02-03.39.45:205][390]LogHMD: Failed to enumerate extensions. Please check that you have a valid OpenXR runtime installed.
Error [GENERAL |  | OpenXR-Loader] : RuntimeManifestFile::FindManifestFiles - failed to determine active runtime file path for this environment
Error [GENERAL | xrEnumerateInstanceExtensionProperties | OpenXR-Loader] : RuntimeInterface::LoadRuntimes - unknown error
Error [GENERAL | xrEnumerateInstanceExtensionProperties | OpenXR-Loader] : RuntimeInterface::LoadRuntimes - failed to load a runtime
Error [GENERAL | xrEnumerateInstanceExtensionProperties | OpenXR-Loader] : Failed to find default runtime with RuntimeInterface::LoadRuntime()
Error [GENERAL | xrEnumerateInstanceExtensionProperties | OpenXR-Loader] : Failed querying extension properties
[2026.07.02-03.39.45:342][586]LogHMD: Failed to enumerate extensions. Please check that you have a valid OpenXR runtime installed.
Error [GENERAL |  | OpenXR-Loader] : RuntimeManifestFile::FindManifestFiles - failed to determine active runtime file path for this environment
Error [GENERAL | xrEnumerateInstanceExtensionProperties | OpenXR-Loader] : RuntimeInterface::LoadRuntimes - unknown error
Error [GENERAL | xrEnumerateInstanceExtensionProperties | OpenXR-Loader] : RuntimeInterface::LoadRuntimes - failed to load a runtime
Error [GENERAL | xrEnumerateInstanceExtensionProperties | OpenXR-Loader] : Failed to find default runtime with RuntimeInterface::LoadRuntime()
Error [GENERAL | xrEnumerateInstanceExtensionProperties | OpenXR-Loader] : Failed querying extension properties
[2026.07.02-03.39.45:475][773]LogHMD: Failed to enumerate extensions. Please check that you have a valid OpenXR runtime installed.
Error [GENERAL |  | OpenXR-Loader] : RuntimeManifestFile::FindManifestFiles - failed to determine active runtime file path for this environment
Error [GENERAL | xrEnumerateInstanceExtensionProperties | OpenXR-Loader] : RuntimeInterface::LoadRuntimes - unknown error
Error [GENERAL | xrEnumerateInstanceExtensionProperties | OpenXR-Loader] : RuntimeInterface::LoadRuntimes - failed to load a runtime
Error [GENERAL | xrEnumerateInstanceExtensionProperties | OpenXR-Loader] : Failed to find default runtime with RuntimeInterface::LoadRuntime()
Error [GENERAL | xrEnumerateInstanceExtensionProperties | OpenXR-Loader] : Failed querying extension properties
[2026.07.02-03.39.45:601][985]LogHMD: Failed to enumerate extensions. Please check that you have a valid OpenXR runtime installed.
Error [GENERAL |  | OpenXR-Loader] : RuntimeManifestFile::FindManifestFiles - failed to determine active runtime file path for this environment
Error [GENERAL | xrEnumerateInstanceExtensionProperties | OpenXR-Loader] : RuntimeInterface::LoadRuntimes - unknown error
Error [GENERAL | xrEnumerateInstanceExtensionProperties | OpenXR-Loader] : RuntimeInterface::LoadRuntimes - failed to load a runtime
Error [GENERAL | xrEnumerateInstanceExtensionProperties | OpenXR-Loader] : Failed to find default runtime with RuntimeInterface::LoadRuntime()
Error [GENERAL | xrEnumerateInstanceExtensionProperties | OpenXR-Loader] : Failed querying extension properties
[2026.07.02-03.39.45:725][180]LogHMD: Failed to enumerate extensions. Please check that you have a valid OpenXR runtime installed.
MavLinkVehicle: confirmed offboard mode
Error [GENERAL |  | OpenXR-Loader] : RuntimeManifestFile::FindManifestFiles - failed to determine active runtime file path for this environment
Error [GENERAL | xrEnumerateInstanceExtensionProperties | OpenXR-Loader] : RuntimeInterface::LoadRuntimes - unknown error
Error [GENERAL | xrEnumerateInstanceExtensionProperties | OpenXR-Loader] : RuntimeInterface::LoadRuntimes - failed to load a runtime
Error [GENERAL | xrEnumerateInstanceExtensionProperties | OpenXR-Loader] : Failed to find default runtime with RuntimeInterface::LoadRuntime()
Error [GENERAL | xrEnumerateInstanceExtensionProperties | OpenXR-Loader] : Failed querying extension properties
[2026.07.02-03.39.45:850][370]LogHMD: Failed to enumerate extensions. Please check that you have a valid OpenXR runtime installed.
Error [GENERAL |  | OpenXR-Loader] : RuntimeManifestFile::FindManifestFiles - failed to determine active runtime file path for this environment
Error [GENERAL | xrEnumerateInstanceExtensionProperties | OpenXR-Loader] : RuntimeInterface::LoadRuntimes - unknown error
Error [GENERAL | xrEnumerateInstanceExtensionProperties | OpenXR-Loader] : RuntimeInterface::LoadRuntimes - failed to load a runtime
Error [GENERAL | xrEnumerateInstanceExtensionProperties | OpenXR-Loader] : Failed to find default runtime with RuntimeInterface::LoadRuntime()
Error [GENERAL | xrEnumerateInstanceExtensionProperties | OpenXR-Loader] : Failed querying extension properties
[2026.07.02-03.39.45:976][567]LogHMD: Failed to enumerate extensions. Please check that you have a valid OpenXR runtime installed.
Error [GENERAL |  | OpenXR-Loader] : RuntimeManifestFile::FindManifestFiles - failed to determine active runtime file path for this environment
Error [GENERAL | xrEnumerateInstanceExtensionProperties | OpenXR-Loader] : RuntimeInterface::LoadRuntimes - unknown error
Error [GENERAL | xrEnumerateInstanceExtensionProperties | OpenXR-Loader] : RuntimeInterface::LoadRuntimes - failed to load a runtime
Error [GENERAL | xrEnumerateInstanceExtensionProperties | OpenXR-Loader] : Failed to find default runtime with RuntimeInterface::LoadRuntime()
Error [GENERAL | xrEnumerateInstanceExtensionProperties | OpenXR-Loader] : Failed querying extension properties
[2026.07.02-03.39.46:101][692]LogHMD: Failed to enumerate extensions. Please check that you have a valid OpenXR runtime installed.
Error [GENERAL |  | OpenXR-Loader] : RuntimeManifestFile::FindManifestFiles - failed to determine active runtime file path for this environment
Error [GENERAL | xrEnumerateInstanceExtensionProperties | OpenXR-Loader] : RuntimeInterface::LoadRuntimes - unknown error
Error [GENERAL | xrEnumerateInstanceExtensionProperties | OpenXR-Loader] : RuntimeInterface::LoadRuntimes - failed to load a runtime
Error [GENERAL | xrEnumerateInstanceExtensionProperties | OpenXR-Loader] : Failed to find default runtime with RuntimeInterface::LoadRuntime()
Error [GENERAL | xrEnumerateInstanceExtensionProperties | OpenXR-Loader] : Failed querying extension properties
[2026.07.02-03.39.46:227][884]LogHMD: Failed to enumerate extensions. Please check that you have a valid OpenXR runtime installed.
Error [GENERAL |  | OpenXR-Loader] : RuntimeManifestFile::FindManifestFiles - failed to determine active runtime file path for this environment
Error [GENERAL | xrEnumerateInstanceExtensionProperties | OpenXR-Loader] : RuntimeInterface::LoadRuntimes - unknown error
Error [GENERAL | xrEnumerateInstanceExtensionProperties | OpenXR-Loader] : RuntimeInterface::LoadRuntimes - failed to load a runtime
Error [GENERAL | xrEnumerateInstanceExtensionProperties | OpenXR-Loader] : Failed to find default runtime with RuntimeInterface::LoadRuntime()
Error [GENERAL | xrEnumerateInstanceExtensionProperties | OpenXR-Loader] : Failed querying extension properties
[2026.07.02-03.39.46:355][ 65]LogHMD: Failed to enumerate extensions. Please check that you have a valid OpenXR runtime installed.
Error [GENERAL |  | OpenXR-Loader] : RuntimeManifestFile::FindManifestFiles - failed to determine active runtime file path for this environment
Error [GENERAL | xrEnumerateInstanceExtensionProperties | OpenXR-Loader] : RuntimeInterface::LoadRuntimes - unknown error
Error [GENERAL | xrEnumerateInstanceExtensionProperties | OpenXR-Loader] : RuntimeInterface::LoadRuntimes - failed to load a runtime
Error [GENERAL | xrEnumerateInstanceExtensionProperties | OpenXR-Loader] : Failed to find default runtime with RuntimeInterface::LoadRuntime()
Error [GENERAL | xrEnumerateInstanceExtensionProperties | OpenXR-Loader] : Failed querying extension properties
[2026.07.02-03.39.46:480][246]LogHMD: Failed to enumerate extensions. Please check that you have a valid OpenXR runtime installed.
Error [GENERAL |  | OpenXR-Loader] : RuntimeManifestFile::FindManifestFiles - failed to determine active runtime file path for this environment
Error [GENERAL | xrEnumerateInstanceExtensionProperties | OpenXR-Loader] : RuntimeInterface::LoadRuntimes - unknown error
Error [GENERAL | xrEnumerateInstanceExtensionProperties | OpenXR-Loader] : RuntimeInterface::LoadRuntimes - failed to load a runtime
Error [GENERAL | xrEnumerateInstanceExtensionProperties | OpenXR-Loader] : Failed to find default runtime with RuntimeInterface::LoadRuntime()
Error [GENERAL | xrEnumerateInstanceExtensionProperties | OpenXR-Loader] : Failed querying extension properties
[2026.07.02-03.39.46:605][392]LogHMD: Failed to enumerate extensions. Please check that you have a valid OpenXR runtime installed.
Error [GENERAL |  | OpenXR-Loader] : RuntimeManifestFile::FindManifestFiles - failed to determine active runtime file path for this environment
Error [GENERAL | xrEnumerateInstanceExtensionProperties | OpenXR-Loader] : RuntimeInterface::LoadRuntimes - unknown error
Error [GENERAL | xrEnumerateInstanceExtensionProperties | OpenXR-Loader] : RuntimeInterface::LoadRuntimes - failed to load a runtime
Error [GENERAL | xrEnumerateInstanceExtensionProperties | OpenXR-Loader] : Failed to find default runtime with RuntimeInterface::LoadRuntime()
Error [GENERAL | xrEnumerateInstanceExtensionProperties | OpenXR-Loader] : Failed querying extension properties
[2026.07.02-03.39.46:730][589]LogHMD: Failed to enumerate extensions. Please check that you have a valid OpenXR runtime installed.
MavLinkVehicle: confirmed offboard mode
Error [GENERAL |  | OpenXR-Loader] : RuntimeManifestFile::FindManifestFiles - failed to determine active runtime file path for this environment
Error [GENERAL | xrEnumerateInstanceExtensionProperties | OpenXR-Loader] : RuntimeInterface::LoadRuntimes - unknown error
Error [GENERAL | xrEnumerateInstanceExtensionProperties | OpenXR-Loader] : RuntimeInterface::LoadRuntimes - failed to load a runtime
Error [GENERAL | xrEnumerateInstanceExtensionProperties | OpenXR-Loader] : Failed to find default runtime with RuntimeInterface::LoadRuntime()
Error [GENERAL | xrEnumerateInstanceExtensionProperties | OpenXR-Loader] : Failed querying extension properties
[2026.07.02-03.39.46:855][782]LogHMD: Failed to enumerate extensions. Please check that you have a valid OpenXR runtime installed.
Error [GENERAL |  | OpenXR-Loader] : RuntimeManifestFile::FindManifestFiles - failed to determine active runtime file path for this environment
Error [GENERAL | xrEnumerateInstanceExtensionProperties | OpenXR-Loader] : RuntimeInterface::LoadRuntimes - unknown error
Error [GENERAL | xrEnumerateInstanceExtensionProperties | OpenXR-Loader] : RuntimeInterface::LoadRuntimes - failed to load a runtime
Error [GENERAL | xrEnumerateInstanceExtensionProperties | OpenXR-Loader] : Failed to find default runtime with RuntimeInterface::LoadRuntime()
Error [GENERAL | xrEnumerateInstanceExtensionProperties | OpenXR-Loader] : Failed querying extension properties
[2026.07.02-03.39.46:980][964]LogHMD: Failed to enumerate extensions. Please check that you have a valid OpenXR runtime installed.
Error [GENERAL |  | OpenXR-Loader] : RuntimeManifestFile::FindManifestFiles - failed to determine active runtime file path for this environment
Error [GENERAL | xrEnumerateInstanceExtensionProperties | OpenXR-Loader] : RuntimeInterface::LoadRuntimes - unknown error
Error [GENERAL | xrEnumerateInstanceExtensionProperties | OpenXR-Loader] : RuntimeInterface::LoadRuntimes - failed to load a runtime
Error [GENERAL | xrEnumerateInstanceExtensionProperties | OpenXR-Loader] : Failed to find default runtime with RuntimeInterface::LoadRuntime()
Error [GENERAL | xrEnumerateInstanceExtensionProperties | OpenXR-Loader] : Failed querying extension properties
[2026.07.02-03.39.47:105][121]LogHMD: Failed to enumerate extensions. Please check that you have a valid OpenXR runtime installed.
Error [GENERAL |  | OpenXR-Loader] : RuntimeManifestFile::FindManifestFiles - failed to determine active runtime file path for this environment
Error [GENERAL | xrEnumerateInstanceExtensionProperties | OpenXR-Loader] : RuntimeInterface::LoadRuntimes - unknown error
Error [GENERAL | xrEnumerateInstanceExtensionProperties | OpenXR-Loader] : RuntimeInterface::LoadRuntimes - failed to load a runtime
Error [GENERAL | xrEnumerateInstanceExtensionProperties | OpenXR-Loader] : Failed to find default runtime with RuntimeInterface::LoadRuntime()
Error [GENERAL | xrEnumerateInstanceExtensionProperties | OpenXR-Loader] : Failed querying extension properties
[2026.07.02-03.39.47:231][308]LogHMD: Failed to enumerate extensions. Please check that you have a valid OpenXR runtime installed.
Error [GENERAL |  | OpenXR-Loader] : RuntimeManifestFile::FindManifestFiles - failed to determine active runtime file path for this environment
Error [GENERAL | xrEnumerateInstanceExtensionProperties | OpenXR-Loader] : RuntimeInterface::LoadRuntimes - unknown error
Error [GENERAL | xrEnumerateInstanceExtensionProperties | OpenXR-Loader] : RuntimeInterface::LoadRuntimes - failed to load a runtime
Error [GENERAL | xrEnumerateInstanceExtensionProperties | OpenXR-Loader] : Failed to find default runtime with RuntimeInterface::LoadRuntime()
Error [GENERAL | xrEnumerateInstanceExtensionProperties | OpenXR-Loader] : Failed querying extension properties
[2026.07.02-03.39.47:368][467]LogHMD: Failed to enumerate extensions. Please check that you have a valid OpenXR runtime installed.
Error [GENERAL |  | OpenXR-Loader] : RuntimeManifestFile::FindManifestFiles - failed to determine active runtime file path for this environment
Error [GENERAL | xrEnumerateInstanceExtensionProperties | OpenXR-Loader] : RuntimeInterface::LoadRuntimes - unknown error
Error [GENERAL | xrEnumerateInstanceExtensionProperties | OpenXR-Loader] : RuntimeInterface::LoadRuntimes - failed to load a runtime
Error [GENERAL | xrEnumerateInstanceExtensionProperties | OpenXR-Loader] : Failed to find default runtime with RuntimeInterface::LoadRuntime()
Error [GENERAL | xrEnumerateInstanceExtensionProperties | OpenXR-Loader] : Failed querying extension properties
[2026.07.02-03.39.47:494][651]LogHMD: Failed to enumerate extensions. Please check that you have a valid OpenXR runtime installed.
Error [GENERAL |  | OpenXR-Loader] : RuntimeManifestFile::FindManifestFiles - failed to determine active runtime file path for this environment
Error [GENERAL | xrEnumerateInstanceExtensionProperties | OpenXR-Loader] : RuntimeInterface::LoadRuntimes - unknown error
Error [GENERAL | xrEnumerateInstanceExtensionProperties | OpenXR-Loader] : RuntimeInterface::LoadRuntimes - failed to load a runtime
Error [GENERAL | xrEnumerateInstanceExtensionProperties | OpenXR-Loader] : Failed to find default runtime with RuntimeInterface::LoadRuntime()
Error [GENERAL | xrEnumerateInstanceExtensionProperties | OpenXR-Loader] : Failed querying extension properties
[2026.07.02-03.39.47:621][860]LogHMD: Failed to enumerate extensions. Please check that you have a valid OpenXR runtime installed.
Error [GENERAL |  | OpenXR-Loader] : RuntimeManifestFile::FindManifestFiles - failed to determine active runtime file path for this environment
Error [GENERAL | xrEnumerateInstanceExtensionProperties | OpenXR-Loader] : RuntimeInterface::LoadRuntimes - unknown error
Error [GENERAL | xrEnumerateInstanceExtensionProperties | OpenXR-Loader] : RuntimeInterface::LoadRuntimes - failed to load a runtime
Error [GENERAL | xrEnumerateInstanceExtensionProperties | OpenXR-Loader] : Failed to find default runtime with RuntimeInterface::LoadRuntime()
Error [GENERAL | xrEnumerateInstanceExtensionProperties | OpenXR-Loader] : Failed querying extension properties
[2026.07.02-03.39.47:747][ 57]LogHMD: Failed to enumerate extensions. Please check that you have a valid OpenXR runtime installed.
MavLinkVehicle: confirmed offboard mode
Error [GENERAL |  | OpenXR-Loader] : RuntimeManifestFile::FindManifestFiles - failed to determine active runtime file path for this environment
Error [GENERAL | xrEnumerateInstanceExtensionProperties | OpenXR-Loader] : RuntimeInterface::LoadRuntimes - unknown error
Error [GENERAL | xrEnumerateInstanceExtensionProperties | OpenXR-Loader] : RuntimeInterface::LoadRuntimes - failed to load a runtime
Error [GENERAL | xrEnumerateInstanceExtensionProperties | OpenXR-Loader] : Failed to find default runtime with RuntimeInterface::LoadRuntime()
Error [GENERAL | xrEnumerateInstanceExtensionProperties | OpenXR-Loader] : Failed querying extension properties
[2026.07.02-03.39.47:888][233]LogHMD: Failed to enumerate extensions. Please check that you have a valid OpenXR runtime installed.
Error [GENERAL |  | OpenXR-Loader] : RuntimeManifestFile::FindManifestFiles - failed to determine active runtime file path for this environment
Error [GENERAL | xrEnumerateInstanceExtensionProperties | OpenXR-Loader] : RuntimeInterface::LoadRuntimes - unknown error
Error [GENERAL | xrEnumerateInstanceExtensionProperties | OpenXR-Loader] : RuntimeInterface::LoadRuntimes - failed to load a runtime
Error [GENERAL | xrEnumerateInstanceExtensionProperties | OpenXR-Loader] : Failed to find default runtime with RuntimeInterface::LoadRuntime()
Error [GENERAL | xrEnumerateInstanceExtensionProperties | OpenXR-Loader] : Failed querying extension properties
[2026.07.02-03.39.48:014][412]LogHMD: Failed to enumerate extensions. Please check that you have a valid OpenXR runtime installed.
Error [GENERAL |  | OpenXR-Loader] : RuntimeManifestFile::FindManifestFiles - failed to determine active runtime file path for this environment
Error [GENERAL | xrEnumerateInstanceExtensionProperties | OpenXR-Loader] : RuntimeInterface::LoadRuntimes - unknown error
Error [GENERAL | xrEnumerateInstanceExtensionProperties | OpenXR-Loader] : RuntimeInterface::LoadRuntimes - failed to load a runtime
Error [GENERAL | xrEnumerateInstanceExtensionProperties | OpenXR-Loader] : Failed to find default runtime with RuntimeInterface::LoadRuntime()
Error [GENERAL | xrEnumerateInstanceExtensionProperties | OpenXR-Loader] : Failed querying extension properties
[2026.07.02-03.39.48:139][592]LogHMD: Failed to enumerate extensions. Please check that you have a valid OpenXR runtime installed.
Error [GENERAL |  | OpenXR-Loader] : RuntimeManifestFile::FindManifestFiles - failed to determine active runtime file path for this environment
Error [GENERAL | xrEnumerateInstanceExtensionProperties | OpenXR-Loader] : RuntimeInterface::LoadRuntimes - unknown error
Error [GENERAL | xrEnumerateInstanceExtensionProperties | OpenXR-Loader] : RuntimeInterface::LoadRuntimes - failed to load a runtime
Error [GENERAL | xrEnumerateInstanceExtensionProperties | OpenXR-Loader] : Failed to find default runtime with RuntimeInterface::LoadRuntime()
Error [GENERAL | xrEnumerateInstanceExtensionProperties | OpenXR-Loader] : Failed querying extension properties
[2026.07.02-03.39.48:265][773]LogHMD: Failed to enumerate extensions. Please check that you have a valid OpenXR runtime installed.
Error [GENERAL |  | OpenXR-Loader] : RuntimeManifestFile::FindManifestFiles - failed to determine active runtime file path for this environment
Error [GENERAL | xrEnumerateInstanceExtensionProperties | OpenXR-Loader] : RuntimeInterface::LoadRuntimes - unknown error
Error [GENERAL | xrEnumerateInstanceExtensionProperties | OpenXR-Loader] : RuntimeInterface::LoadRuntimes - failed to load a runtime
Error [GENERAL | xrEnumerateInstanceExtensionProperties | OpenXR-Loader] : Failed to find default runtime with RuntimeInterface::LoadRuntime()
Error [GENERAL | xrEnumerateInstanceExtensionProperties | OpenXR-Loader] : Failed querying extension properties
[2026.07.02-03.39.48:389][950]LogHMD: Failed to enumerate extensions. Please check that you have a valid OpenXR runtime installed.
Error [GENERAL |  | OpenXR-Loader] : RuntimeManifestFile::FindManifestFiles - failed to determine active runtime file path for this environment
Error [GENERAL | xrEnumerateInstanceExtensionProperties | OpenXR-Loader] : RuntimeInterface::LoadRuntimes - unknown error
Error [GENERAL | xrEnumerateInstanceExtensionProperties | OpenXR-Loader] : RuntimeInterface::LoadRuntimes - failed to load a runtime
Error [GENERAL | xrEnumerateInstanceExtensionProperties | OpenXR-Loader] : Failed to find default runtime with RuntimeInterface::LoadRuntime()
Error [GENERAL | xrEnumerateInstanceExtensionProperties | OpenXR-Loader] : Failed querying extension properties
[2026.07.02-03.39.48:514][111]LogHMD: Failed to enumerate extensions. Please check that you have a valid OpenXR runtime installed.
Error [GENERAL |  | OpenXR-Loader] : RuntimeManifestFile::FindManifestFiles - failed to determine active runtime file path for this environment
Error [GENERAL | xrEnumerateInstanceExtensionProperties | OpenXR-Loader] : RuntimeInterface::LoadRuntimes - unknown error
Error [GENERAL | xrEnumerateInstanceExtensionProperties | OpenXR-Loader] : RuntimeInterface::LoadRuntimes - failed to load a runtime
Error [GENERAL | xrEnumerateInstanceExtensionProperties | OpenXR-Loader] : Failed to find default runtime with RuntimeInterface::LoadRuntime()
Error [GENERAL | xrEnumerateInstanceExtensionProperties | OpenXR-Loader] : Failed querying extension properties
[2026.07.02-03.39.48:639][312]LogHMD: Failed to enumerate extensions. Please check that you have a valid OpenXR runtime installed.
Error [GENERAL |  | OpenXR-Loader] : RuntimeManifestFile::FindManifestFiles - failed to determine active runtime file path for this environment
Error [GENERAL | xrEnumerateInstanceExtensionProperties | OpenXR-Loader] : RuntimeInterface::LoadRuntimes - unknown error
Error [GENERAL | xrEnumerateInstanceExtensionProperties | OpenXR-Loader] : RuntimeInterface::LoadRuntimes - failed to load a runtime
Error [GENERAL | xrEnumerateInstanceExtensionProperties | OpenXR-Loader] : Failed to find default runtime with RuntimeInterface::LoadRuntime()
Error [GENERAL | xrEnumerateInstanceExtensionProperties | OpenXR-Loader] : Failed querying extension properties
[2026.07.02-03.39.48:765][497]LogHMD: Failed to enumerate extensions. Please check that you have a valid OpenXR runtime installed.
MavLinkVehicle: confirmed offboard mode
Error [GENERAL |  | OpenXR-Loader] : RuntimeManifestFile::FindManifestFiles - failed to determine active runtime file path for this environment
Error [GENERAL | xrEnumerateInstanceExtensionProperties | OpenXR-Loader] : RuntimeInterface::LoadRuntimes - unknown error
Error [GENERAL | xrEnumerateInstanceExtensionProperties | OpenXR-Loader] : RuntimeInterface::LoadRuntimes - failed to load a runtime
Error [GENERAL | xrEnumerateInstanceExtensionProperties | OpenXR-Loader] : Failed to find default runtime with RuntimeInterface::LoadRuntime()
Error [GENERAL | xrEnumerateInstanceExtensionProperties | OpenXR-Loader] : Failed querying extension properties
[2026.07.02-03.39.48:891][692]LogHMD: Failed to enumerate extensions. Please check that you have a valid OpenXR runtime installed.
Error [GENERAL |  | OpenXR-Loader] : RuntimeManifestFile::FindManifestFiles - failed to determine active runtime file path for this environment
Error [GENERAL | xrEnumerateInstanceExtensionProperties | OpenXR-Loader] : RuntimeInterface::LoadRuntimes - unknown error
Error [GENERAL | xrEnumerateInstanceExtensionProperties | OpenXR-Loader] : RuntimeInterface::LoadRuntimes - failed to load a runtime
Error [GENERAL | xrEnumerateInstanceExtensionProperties | OpenXR-Loader] : Failed to find default runtime with RuntimeInterface::LoadRuntime()
Error [GENERAL | xrEnumerateInstanceExtensionProperties | OpenXR-Loader] : Failed querying extension properties
[2026.07.02-03.39.49:016][861]LogHMD: Failed to enumerate extensions. Please check that you have a valid OpenXR runtime installed.
Error [GENERAL |  | OpenXR-Loader] : RuntimeManifestFile::FindManifestFiles - failed to determine active runtime file path for this environment
Error [GENERAL | xrEnumerateInstanceExtensionProperties | OpenXR-Loader] : RuntimeInterface::LoadRuntimes - unknown error
Error [GENERAL | xrEnumerateInstanceExtensionProperties | OpenXR-Loader] : RuntimeInterface::LoadRuntimes - failed to load a runtime
Error [GENERAL | xrEnumerateInstanceExtensionProperties | OpenXR-Loader] : Failed to find default runtime with RuntimeInterface::LoadRuntime()
Error [GENERAL | xrEnumerateInstanceExtensionProperties | OpenXR-Loader] : Failed querying extension properties
[2026.07.02-03.39.49:143][ 48]LogHMD: Failed to enumerate extensions. Please check that you have a valid OpenXR runtime installed.
Error [GENERAL |  | OpenXR-Loader] : RuntimeManifestFile::FindManifestFiles - failed to determine active runtime file path for this environment
Error [GENERAL | xrEnumerateInstanceExtensionProperties | OpenXR-Loader] : RuntimeInterface::LoadRuntimes - unknown error
Error [GENERAL | xrEnumerateInstanceExtensionProperties | OpenXR-Loader] : RuntimeInterface::LoadRuntimes - failed to load a runtime
Error [GENERAL | xrEnumerateInstanceExtensionProperties | OpenXR-Loader] : Failed to find default runtime with RuntimeInterface::LoadRuntime()
Error [GENERAL | xrEnumerateInstanceExtensionProperties | OpenXR-Loader] : Failed querying extension properties
[2026.07.02-03.39.49:266][240]LogHMD: Failed to enumerate extensions. Please check that you have a valid OpenXR runtime installed.
Error [GENERAL |  | OpenXR-Loader] : RuntimeManifestFile::FindManifestFiles - failed to determine active runtime file path for this environment
Error [GENERAL | xrEnumerateInstanceExtensionProperties | OpenXR-Loader] : RuntimeInterface::LoadRuntimes - unknown error
Error [GENERAL | xrEnumerateInstanceExtensionProperties | OpenXR-Loader] : RuntimeInterface::LoadRuntimes - failed to load a runtime
Error [GENERAL | xrEnumerateInstanceExtensionProperties | OpenXR-Loader] : Failed to find default runtime with RuntimeInterface::LoadRuntime()
Error [GENERAL | xrEnumerateInstanceExtensionProperties | OpenXR-Loader] : Failed querying extension properties
[2026.07.02-03.39.49:401][426]LogHMD: Failed to enumerate extensions. Please check that you have a valid OpenXR runtime installed.
Error [GENERAL |  | OpenXR-Loader] : RuntimeManifestFile::FindManifestFiles - failed to determine active runtime file path for this environment
Error [GENERAL | xrEnumerateInstanceExtensionProperties | OpenXR-Loader] : RuntimeInterface::LoadRuntimes - unknown error
Error [GENERAL | xrEnumerateInstanceExtensionProperties | OpenXR-Loader] : RuntimeInterface::LoadRuntimes - failed to load a runtime
Error [GENERAL | xrEnumerateInstanceExtensionProperties | OpenXR-Loader] : Failed to find default runtime with RuntimeInterface::LoadRuntime()
Error [GENERAL | xrEnumerateInstanceExtensionProperties | OpenXR-Loader] : Failed querying extension properties
[2026.07.02-03.39.49:530][625]LogHMD: Failed to enumerate extensions. Please check that you have a valid OpenXR runtime installed.
Error [GENERAL |  | OpenXR-Loader] : RuntimeManifestFile::FindManifestFiles - failed to determine active runtime file path for this environment
Error [GENERAL | xrEnumerateInstanceExtensionProperties | OpenXR-Loader] : RuntimeInterface::LoadRuntimes - unknown error
Error [GENERAL | xrEnumerateInstanceExtensionProperties | OpenXR-Loader] : RuntimeInterface::LoadRuntimes - failed to load a runtime
Error [GENERAL | xrEnumerateInstanceExtensionProperties | OpenXR-Loader] : Failed to find default runtime with RuntimeInterface::LoadRuntime()
Error [GENERAL | xrEnumerateInstanceExtensionProperties | OpenXR-Loader] : Failed querying extension properties
[2026.07.02-03.39.49:656][826]LogHMD: Failed to enumerate extensions. Please check that you have a valid OpenXR runtime installed.
Error [GENERAL |  | OpenXR-LoaderMavLinkVehicle: confirmed offboard mode
] : RuntimeManifestFile::FindManifestFiles - failed to determine active runtime file path for this environment
Error [GENERAL | xrEnumerateInstanceExtensionProperties | OpenXR-Loader] : RuntimeInterface::LoadRuntimes - unknown error
Error [GENERAL | xrEnumerateInstanceExtensionProperties | OpenXR-Loader] : RuntimeInterface::LoadRuntimes - failed to load a runtime
Error [GENERAL | xrEnumerateInstanceExtensionProperties | OpenXR-Loader] : Failed to find default runtime with RuntimeInterface::LoadRuntime()
Error [GENERAL | xrEnumerateInstanceExtensionProperties | OpenXR-Loader] : Failed querying extension properties
[2026.07.02-03.39.49:781][ 49]LogHMD: Failed to enumerate extensions. Please check that you have a valid OpenXR runtime installed.
Error [GENERAL |  | OpenXR-Loader] : RuntimeManifestFile::FindManifestFiles - failed to determine active runtime file path for this environment
Error [GENERAL | xrEnumerateInstanceExtensionProperties | OpenXR-Loader] : RuntimeInterface::LoadRuntimes - unknown error
Error [GENERAL | xrEnumerateInstanceExtensionProperties | OpenXR-Loader] : RuntimeInterface::LoadRuntimes - failed to load a runtime
Error [GENERAL | xrEnumerateInstanceExtensionProperties | OpenXR-Loader] : Failed to find default runtime with RuntimeInterface::LoadRuntime()
Error [GENERAL | xrEnumerateInstanceExtensionProperties | OpenXR-Loader] : Failed querying extension properties
[2026.07.02-03.39.49:906][258]LogHMD: Failed to enumerate extensions. Please check that you have a valid OpenXR runtime installed.
Error [GENERAL |  | OpenXR-Loader] : RuntimeManifestFile::FindManifestFiles - failed to determine active runtime file path for this environment
Error [GENERAL | xrEnumerateInstanceExtensionProperties | OpenXR-Loader] : RuntimeInterface::LoadRuntimes - unknown error
Error [GENERAL | xrEnumerateInstanceExtensionProperties | OpenXR-Loader] : RuntimeInterface::LoadRuntimes - failed to load a runtime
Error [GENERAL | xrEnumerateInstanceExtensionProperties | OpenXR-Loader] : Failed to find default runtime with RuntimeInterface::LoadRuntime()
Error [GENERAL | xrEnumerateInstanceExtensionProperties | OpenXR-Loader] : Failed querying extension properties
[2026.07.02-03.39.50:031][459]LogHMD: Failed to enumerate extensions. Please check that you have a valid OpenXR runtime installed.
Error [GENERAL |  | OpenXR-Loader] : RuntimeManifestFile::FindManifestFiles - failed to determine active runtime file path for this environment
Error [GENERAL | xrEnumerateInstanceExtensionProperties | OpenXR-Loader] : RuntimeInterface::LoadRuntimes - unknown error
Error [GENERAL | xrEnumerateInstanceExtensionProperties | OpenXR-Loader] : RuntimeInterface::LoadRuntimes - failed to load a runtime
Error [GENERAL | xrEnumerateInstanceExtensionProperties | OpenXR-Loader] : Failed to find default runtime with RuntimeInterface::LoadRuntime()
Error [GENERAL | xrEnumerateInstanceExtensionProperties | OpenXR-Loader] : Failed querying extension properties
[2026.07.02-03.39.50:174][626]LogHMD: Failed to enumerate extensions. Please check that you have a valid OpenXR runtime installed.
Error [GENERAL |  | OpenXR-Loader] : RuntimeManifestFile::FindManifestFiles - failed to determine active runtime file path for this environment
Error [GENERAL | xrEnumerateInstanceExtensionProperties | OpenXR-Loader] : RuntimeInterface::LoadRuntimes - unknown error
Error [GENERAL | xrEnumerateInstanceExtensionProperties | OpenXR-Loader] : RuntimeInterface::LoadRuntimes - failed to load a runtime
Error [GENERAL | xrEnumerateInstanceExtensionProperties | OpenXR-Loader] : Failed to find default runtime with RuntimeInterface::LoadRuntime()
Error [GENERAL | xrEnumerateInstanceExtensionProperties | OpenXR-Loader] : Failed querying extension properties
[2026.07.02-03.39.50:303][784]LogHMD: Failed to enumerate extensions. Please check that you have a valid OpenXR runtime installed.
Error [GENERAL |  | OpenXR-Loader] : RuntimeManifestFile::FindManifestFiles - failed to determine active runtime file path for this environment
Error [GENERAL | xrEnumerateInstanceExtensionProperties | OpenXR-Loader] : RuntimeInterface::LoadRuntimes - unknown error
Error [GENERAL | xrEnumerateInstanceExtensionProperties | OpenXR-Loader] : RuntimeInterface::LoadRuntimes - failed to load a runtime
Error [GENERAL | xrEnumerateInstanceExtensionProperties | OpenXR-Loader] : Failed to find default runtime with RuntimeInterface::LoadRuntime()
Error [GENERAL | xrEnumerateInstanceExtensionProperties | OpenXR-Loader] : Failed querying extension properties
[2026.07.02-03.39.50:432][976]LogHMD: Failed to enumerate extensions. Please check that you have a valid OpenXR runtime installed.
Error [GENERAL |  | OpenXR-Loader] : RuntimeManifestFile::FindManifestFiles - failed to determine active runtime file path for this environment
Error [GENERAL | xrEnumerateInstanceExtensionProperties | OpenXR-Loader] : RuntimeInterface::LoadRuntimes - unknown error
Error [GENERAL | xrEnumerateInstanceExtensionProperties | OpenXR-Loader] : RuntimeInterface::LoadRuntimes - failed to load a runtime
Error [GENERAL | xrEnumerateInstanceExtensionProperties | OpenXR-Loader] : Failed to find default runtime with RuntimeInterface::LoadRuntime()
Error [GENERAL | xrEnumerateInstanceExtensionProperties | OpenXR-Loader] : Failed querying extension properties
[2026.07.02-03.39.50:557][164]LogHMD: Failed to enumerate extensions. Please check that you have a valid OpenXR runtime installed.
Error [GENERAL |  | OpenXR-Loader] : RuntimeManifestFile::FindManifestFiles - failed to determine active runtime file path for this environment
Error [GENERAL | xrEnumerateInstanceExtensionProperties | OpenXR-Loader] : RuntimeInterface::LoadRuntimes - unknown error
Error [GENERAL | xrEnumerateInstanceExtensionProperties | OpenXR-Loader] : RuntimeInterface::LoadRuntimes - failed to load a runtime
Error [GENERAL | xrEnumerateInstanceExtensionProperties | OpenXR-Loader] : Failed to find default runtime with RuntimeInterface::LoadRuntime()
Error [GENERAL | xrEnumerateInstanceExtensionProperties | OpenXR-Loader] : Failed querying extension properties
[2026.07.02-03.39.50:682][356]LogHMD: Failed to enumerate extensions. Please check that you have a valid OpenXR runtime installed.
MavLinkVehicle: confirmed offboard mode
Error [GENERAL |  | OpenXR-Loader] : RuntimeManifestFile::FindManifestFiles - failed to determine active runtime file path for this environment
Error [GENERAL | xrEnumerateInstanceExtensionProperties | OpenXR-Loader] : RuntimeInterface::LoadRuntimes - unknown error
Error [GENERAL | xrEnumerateInstanceExtensionProperties | OpenXR-Loader] : RuntimeInterface::LoadRuntimes - failed to load a runtime
Error [GENERAL | xrEnumerateInstanceExtensionProperties | OpenXR-Loader] : Failed to find default runtime with RuntimeInterface::LoadRuntime()
Error [GENERAL | xrEnumerateInstanceExtensionProperties | OpenXR-Loader] : Failed querying extension properties
[2026.07.02-03.39.50:807][531]LogHMD: Failed to enumerate extensions. Please check that you have a valid OpenXR runtime installed.
Error [GENERAL |  | OpenXR-Loader] : RuntimeManifestFile::FindManifestFiles - failed to determine active runtime file path for this environment
Error [GENERAL | xrEnumerateInstanceExtensionProperties | OpenXR-Loader] : RuntimeInterface::LoadRuntimes - unknown error
Error [GENERAL | xrEnumerateInstanceExtensionProperties | OpenXR-Loader] : RuntimeInterface::LoadRuntimes - failed to load a runtime
Error [GENERAL | xrEnumerateInstanceExtensionProperties | OpenXR-Loader] : Failed to find default runtime with RuntimeInterface::LoadRuntime()
Error [GENERAL | xrEnumerateInstanceExtensionProperties | OpenXR-Loader] : Failed querying extension properties
[2026.07.02-03.39.50:935][737]LogHMD: Failed to enumerate extensions. Please check that you have a valid OpenXR runtime installed.
Error [GENERAL |  | OpenXR-Loader] : RuntimeManifestFile::FindManifestFiles - failed to determine active runtime file path for this environment
Error [GENERAL | xrEnumerateInstanceExtensionProperties | OpenXR-Loader] : RuntimeInterface::LoadRuntimes - unknown error
Error [GENERAL | xrEnumerateInstanceExtensionProperties | OpenXR-Loader] : RuntimeInterface::LoadRuntimes - failed to load a runtime
Error [GENERAL | xrEnumerateInstanceExtensionProperties | OpenXR-Loader] : Failed to find default runtime with RuntimeInterface::LoadRuntime()
Error [GENERAL | xrEnumerateInstanceExtensionProperties | OpenXR-Loader] : Failed querying extension properties
[2026.07.02-03.39.51:059][944]LogHMD: Failed to enumerate extensions. Please check that you have a valid OpenXR runtime installed.
Error [GENERAL |  | OpenXR-Loader] : RuntimeManifestFile::FindManifestFiles - failed to determine active runtime file path for this environment
Error [GENERAL | xrEnumerateInstanceExtensionProperties | OpenXR-Loader] : RuntimeInterface::LoadRuntimes - unknown error
Error [GENERAL | xrEnumerateInstanceExtensionProperties | OpenXR-Loader] : RuntimeInterface::LoadRuntimes - failed to load a runtime
Error [GENERAL | xrEnumerateInstanceExtensionProperties | OpenXR-Loader] : Failed to find default runtime with RuntimeInterface::LoadRuntime()
Error [GENERAL | xrEnumerateInstanceExtensionProperties | OpenXR-Loader] : Failed querying extension properties
[2026.07.02-03.39.51:183][138]LogHMD: Failed to enumerate extensions. Please check that you have a valid OpenXR runtime installed.
Error [GENERAL |  | OpenXR-Loader] : RuntimeManifestFile::FindManifestFiles - failed to determine active runtime file path for this environment
Error [GENERAL | xrEnumerateInstanceExtensionProperties | OpenXR-Loader] : RuntimeInterface::LoadRuntimes - unknown error
Error [GENERAL | xrEnumerateInstanceExtensionProperties | OpenXR-Loader] : RuntimeInterface::LoadRuntimes - failed to load a runtime
Error [GENERAL | xrEnumerateInstanceExtensionProperties | OpenXR-Loader] : Failed to find default runtime with RuntimeInterface::LoadRuntime()
Error [GENERAL | xrEnumerateInstanceExtensionProperties | OpenXR-Loader] : Failed querying extension properties
[2026.07.02-03.39.51:309][340]LogHMD: Failed to enumerate extensions. Please check that you have a valid OpenXR runtime installed.
Error [GENERAL |  | OpenXR-Loader] : RuntimeManifestFile::FindManifestFiles - failed to determine active runtime file path for this environment
Error [GENERAL | xrEnumerateInstanceExtensionProperties | OpenXR-Loader] : RuntimeInterface::LoadRuntimes - unknown error
Error [GENERAL | xrEnumerateInstanceExtensionProperties | OpenXR-Loader] : RuntimeInterface::LoadRuntimes - failed to load a runtime
Error [GENERAL | xrEnumerateInstanceExtensionProperties | OpenXR-Loader] : Failed to find default runtime with RuntimeInterface::LoadRuntime()
Error [GENERAL | xrEnumerateInstanceExtensionProperties | OpenXR-Loader] : Failed querying extension properties
[2026.07.02-03.39.51:441][526]LogHMD: Failed to enumerate extensions. Please check that you have a valid OpenXR runtime installed.
Error [GENERAL |  | OpenXR-Loader] : RuntimeManifestFile::FindManifestFiles - failed to determine active runtime file path for this environment
Error [GENERAL | xrEnumerateInstanceExtensionProperties | OpenXR-Loader] : RuntimeInterface::LoadRuntimes - unknown error
Error [GENERAL | xrEnumerateInstanceExtensionProperties | OpenXR-Loader] : RuntimeInterface::LoadRuntimes - failed to load a runtime
Error [GENERAL | xrEnumerateInstanceExtensionProperties | OpenXR-Loader] : Failed to find default runtime with RuntimeInterface::LoadRuntime()
Error [GENERAL | xrEnumerateInstanceExtensionProperties | OpenXR-Loader] : Failed querying extension properties
[2026.07.02-03.39.51:567][688]LogHMD: Failed to enumerate extensions. Please check that you have a valid OpenXR runtime installed.
Error [GENERAL |  | OpenXR-Loader] : RuntimeManifestFile::FindManifestFiles - failed to determine active runtime file path for this environment
Error [GENERAL | xrEnumerateInstanceExtensionProperties | OpenXR-Loader] : RuntimeInterface::LoadRuntimes - unknown error
Error [GENERAL | xrEnumerateInstanceExtensionProperties | OpenXR-Loader] : RuntimeInterface::LoadRuntimes - failed to load a runtime
Error [GENERAL | xrEnumerateInstanceExtensionProperties | OpenXR-Loader] : Failed to find default runtime with RuntimeInterface::LoadRuntime()
Error [GENERAL | xrEnumerateInstanceExtensionProperties | OpenXR-Loader] : Failed querying extension properties
[2026.07.02-03.39.51:691][881]LogHMD: Failed to enumerate extensions. Please check that you have a valid OpenXR runtime installed.
MavLinkVehicle: confirmed offboard mode
Error [GENERAL |  | OpenXR-Loader] : RuntimeManifestFile::FindManifestFiles - failed to determine active runtime file path for this environment
Error [GENERAL | xrEnumerateInstanceExtensionProperties | OpenXR-Loader] : RuntimeInterface::LoadRuntimes - unknown error
Error [GENERAL | xrEnumerateInstanceExtensionProperties | OpenXR-Loader] : RuntimeInterface::LoadRuntimes - failed to load a runtime
Error [GENERAL | xrEnumerateInstanceExtensionProperties | OpenXR-Loader] : Failed to find default runtime with RuntimeInterface::LoadRuntime()
Error [GENERAL | xrEnumerateInstanceExtensionProperties | OpenXR-Loader] : Failed querying extension properties
[2026.07.02-03.39.51:826][ 68]LogHMD: Failed to enumerate extensions. Please check that you have a valid OpenXR runtime installed.
Error [GENERAL |  | OpenXR-Loader] : RuntimeManifestFile::FindManifestFiles - failed to determine active runtime file path for this environment
Error [GENERAL | xrEnumerateInstanceExtensionProperties | OpenXR-Loader] : RuntimeInterface::LoadRuntimes - unknown error
Error [GENERAL | xrEnumerateInstanceExtensionProperties | OpenXR-Loader] : RuntimeInterface::LoadRuntimes - failed to load a runtime
Error [GENERAL | xrEnumerateInstanceExtensionProperties | OpenXR-Loader] : Failed to find default runtime with RuntimeInterface::LoadRuntime()
Error [GENERAL | xrEnumerateInstanceExtensionProperties | OpenXR-Loader] : Failed querying extension properties
[2026.07.02-03.39.51:953][249]LogHMD: Failed to enumerate extensions. Please check that you have a valid OpenXR runtime installed.
Error [GENERAL |  | OpenXR-Loader] : RuntimeManifestFile::FindManifestFiles - failed to determine active runtime file path for this environment
Error [GENERAL | xrEnumerateInstanceExtensionProperties | OpenXR-Loader] : RuntimeInterface::LoadRuntimes - unknown error
Error [GENERAL | xrEnumerateInstanceExtensionProperties | OpenXR-Loader] : RuntimeInterface::LoadRuntimes - failed to load a runtime
Error [GENERAL | xrEnumerateInstanceExtensionProperties | OpenXR-Loader] : Failed to find default runtime with RuntimeInterface::LoadRuntime()
Error [GENERAL | xrEnumerateInstanceExtensionProperties | OpenXR-Loader] : Failed querying extension properties
[2026.07.02-03.39.52:079][420]LogHMD: Failed to enumerate extensions. Please check that you have a valid OpenXR runtime installed.
Error [GENERAL |  | OpenXR-Loader] : RuntimeManifestFile::FindManifestFiles - failed to determine active runtime file path for this environment
Error [GENERAL | xrEnumerateInstanceExtensionProperties | OpenXR-Loader] : RuntimeInterface::LoadRuntimes - unknown error
Error [GENERAL | xrEnumerateInstanceExtensionProperties | OpenXR-Loader] : RuntimeInterface::LoadRuntimes - failed to load a runtime
Error [GENERAL | xrEnumerateInstanceExtensionProperties | OpenXR-Loader] : Failed to find default runtime with RuntimeInterface::LoadRuntime()
Error [GENERAL | xrEnumerateInstanceExtensionProperties | OpenXR-Loader] : Failed querying extension properties
[2026.07.02-03.39.52:206][614]LogHMD: Failed to enumerate extensions. Please check that you have a valid OpenXR runtime installed.
Error [GENERAL |  | OpenXR-Loader] : RuntimeManifestFile::FindManifestFiles - failed to determine active runtime file path for this environment
Error [GENERAL | xrEnumerateInstanceExtensionProperties | OpenXR-Loader] : RuntimeInterface::LoadRuntimes - unknown error
Error [GENERAL | xrEnumerateInstanceExtensionProperties | OpenXR-Loader] : RuntimeInterface::LoadRuntimes - failed to load a runtime
Error [GENERAL | xrEnumerateInstanceExtensionProperties | OpenXR-Loader] : Failed to find default runtime with RuntimeInterface::LoadRuntime()
Error [GENERAL | xrEnumerateInstanceExtensionProperties | OpenXR-Loader] : Failed querying extension properties
[2026.07.02-03.39.52:331][804]LogHMD: Failed to enumerate extensions. Please check that you have a valid OpenXR runtime installed.
Error [GENERAL |  | OpenXR-Loader] : RuntimeManifestFile::FindManifestFiles - failed to determine active runtime file path for this environment
Error [GENERAL | xrEnumerateInstanceExtensionProperties | OpenXR-Loader] : RuntimeInterface::LoadRuntimes - unknown error
Error [GENERAL | xrEnumerateInstanceExtensionProperties | OpenXR-Loader] : RuntimeInterface::LoadRuntimes - failed to load a runtime
Error [GENERAL | xrEnumerateInstanceExtensionProperties | OpenXR-Loader] : Failed to find default runtime with RuntimeInterface::LoadRuntime()
Error [GENERAL | xrEnumerateInstanceExtensionProperties | OpenXR-Loader] : Failed querying extension properties
[2026.07.02-03.39.52:463][973]LogHMD: Failed to enumerate extensions. Please check that you have a valid OpenXR runtime installed.
Error [GENERAL |  | OpenXR-Loader] : RuntimeManifestFile::FindManifestFiles - failed to determine active runtime file path for this environment
Error [GENERAL | xrEnumerateInstanceExtensionProperties | OpenXR-Loader] : RuntimeInterface::LoadRuntimes - unknown error
Error [GENERAL | xrEnumerateInstanceExtensionProperties | OpenXR-Loader] : RuntimeInterface::LoadRuntimes - failed to load a runtime
Error [GENERAL | xrEnumerateInstanceExtensionProperties | OpenXR-Loader] : Failed to find default runtime with RuntimeInterface::LoadRuntime()
Error [GENERAL | xrEnumerateInstanceExtensionProperties | OpenXR-Loader] : Failed querying extension properties
[2026.07.02-03.39.52:587][161]LogHMD: Failed to enumerate extensions. Please check that you have a valid OpenXR runtime installed.
Error [GENERAL |  | OpenXR-Loader] : RuntimeManifestFile::FindManifestFiles - failed to determine active runtime file path for this environment
Error [GENERAL | xrEnumerateInstanceExtensionProperties | OpenXR-Loader] : RuntimeInterface::LoadRuntimes - unknown error
Error [GENERAL | xrEnumerateInstanceExtensionProperties | OpenXR-Loader] : RuntimeInterface::LoadRuntimes - failed to load a runtime
Error [GENERAL | xrEnumerateInstanceExtensionProperties | OpenXR-Loader] : Failed to find default runtime with RuntimeInterface::LoadRuntime()
Error [GENERAL | xrEnumerateInstanceExtensionProperties | OpenXR-Loader] : Failed querying extension properties
[2026.07.02-03.39.52:713][355]LogHMD: Failed to enumerate extensions. Please check that you have a valid OpenXR runtime installed.
MavLinkVehicle: confirmed offboard mode
Error [GENERAL |  | OpenXR-Loader] : RuntimeManifestFile::FindManifestFiles - failed to determine active runtime file path for this environment
Error [GENERAL | xrEnumerateInstanceExtensionProperties | OpenXR-Loader] : RuntimeInterface::LoadRuntimes - unknown error
Error [GENERAL | xrEnumerateInstanceExtensionProperties | OpenXR-Loader] : RuntimeInterface::LoadRuntimes - failed to load a runtime
Error [GENERAL | xrEnumerateInstanceExtensionProperties | OpenXR-Loader] : Failed to find default runtime with RuntimeInterface::LoadRuntime()
Error [GENERAL | xrEnumerateInstanceExtensionProperties | OpenXR-Loader] : Failed querying extension properties
[2026.07.02-03.39.52:839][542]LogHMD: Failed to enumerate extensions. Please check that you have a valid OpenXR runtime installed.
Error [GENERAL |  | OpenXR-Loader] : RuntimeManifestFile::FindManifestFiles - failed to determine active runtime file path for this environment
Error [GENERAL | xrEnumerateInstanceExtensionProperties | OpenXR-Loader] : RuntimeInterface::LoadRuntimes - unknown error
Error [GENERAL | xrEnumerateInstanceExtensionProperties | OpenXR-Loader] : RuntimeInterface::LoadRuntimes - failed to load a runtime
Error [GENERAL | xrEnumerateInstanceExtensionProperties | OpenXR-Loader] : Failed to find default runtime with RuntimeInterface::LoadRuntime()
Error [GENERAL | xrEnumerateInstanceExtensionProperties | OpenXR-Loader] : Failed querying extension properties
[2026.07.02-03.39.52:965][742]LogHMD: Failed to enumerate extensions. Please check that you have a valid OpenXR runtime installed.
Error [GENERAL |  | OpenXR-Loader] : RuntimeManifestFile::FindManifestFiles - failed to determine active runtime file path for this environment
Error [GENERAL | xrEnumerateInstanceExtensionProperties | OpenXR-Loader] : RuntimeInterface::LoadRuntimes - unknown error
Error [GENERAL | xrEnumerateInstanceExtensionProperties | OpenXR-Loader] : RuntimeInterface::LoadRuntimes - failed to load a runtime
Error [GENERAL | xrEnumerateInstanceExtensionProperties | OpenXR-Loader] : Failed to find default runtime with RuntimeInterface::LoadRuntime()
Error [GENERAL | xrEnumerateInstanceExtensionProperties | OpenXR-Loader] : Failed querying extension properties
[2026.07.02-03.39.53:090][921]LogHMD: Failed to enumerate extensions. Please check that you have a valid OpenXR runtime installed.
Error [GENERAL |  | OpenXR-Loader] : RuntimeManifestFile::FindManifestFiles - failed to determine active runtime file path for this environment
Error [GENERAL | xrEnumerateInstanceExtensionProperties | OpenXR-Loader] : RuntimeInterface::LoadRuntimes - unknown error
Error [GENERAL | xrEnumerateInstanceExtensionProperties | OpenXR-Loader] : RuntimeInterface::LoadRuntimes - failed to load a runtime
Error [GENERAL | xrEnumerateInstanceExtensionProperties | OpenXR-Loader] : Failed to find default runtime with RuntimeInterface::LoadRuntime()
Error [GENERAL | xrEnumerateInstanceExtensionProperties | OpenXR-Loader] : Failed querying extension properties
[2026.07.02-03.39.53:233][101]LogHMD: Failed to enumerate extensions. Please check that you have a valid OpenXR runtime installed.
Error [GENERAL |  | OpenXR-Loader] : RuntimeManifestFile::FindManifestFiles - failed to determine active runtime file path for this environment
Error [GENERAL | xrEnumerateInstanceExtensionProperties | OpenXR-Loader] : RuntimeInterface::LoadRuntimes - unknown error
Error [GENERAL | xrEnumerateInstanceExtensionProperties | OpenXR-Loader] : RuntimeInterface::LoadRuntimes - failed to load a runtime
Error [GENERAL | xrEnumerateInstanceExtensionProperties | OpenXR-Loader] : Failed to find default runtime with RuntimeInterface::LoadRuntime()
Error [GENERAL | xrEnumerateInstanceExtensionProperties | OpenXR-Loader] : Failed querying extension properties
[2026.07.02-03.39.53:358][267]LogHMD: Failed to enumerate extensions. Please check that you have a valid OpenXR runtime installed.
Error [GENERAL |  | OpenXR-Loader] : RuntimeManifestFile::FindManifestFiles - failed to determine active runtime file path for this environment
Error [GENERAL | xrEnumerateInstanceExtensionProperties | OpenXR-Loader] : RuntimeInterface::LoadRuntimes - unknown error
Error [GENERAL | xrEnumerateInstanceExtensionProperties | OpenXR-Loader] : RuntimeInterface::LoadRuntimes - failed to load a runtime
Error [GENERAL | xrEnumerateInstanceExtensionProperties | OpenXR-Loader] : Failed to find default runtime with RuntimeInterface::LoadRuntime()
Error [GENERAL | xrEnumerateInstanceExtensionProperties | OpenXR-Loader] : Failed querying extension properties
[2026.07.02-03.39.53:485][439]LogHMD: Failed to enumerate extensions. Please check that you have a valid OpenXR runtime installed.
Error [GENERAL |  | OpenXR-Loader] : RuntimeManifestFile::FindManifestFiles - failed to determine active runtime file path for this environment
Error [GENERAL | xrEnumerateInstanceExtensionProperties | OpenXR-Loader] : RuntimeInterface::LoadRuntimes - unknown error
Error [GENERAL | xrEnumerateInstanceExtensionProperties | OpenXR-Loader] : RuntimeInterface::LoadRuntimes - failed to load a runtime
Error [GENERAL | xrEnumerateInstanceExtensionProperties | OpenXR-Loader] : Failed to find default runtime with RuntimeInterface::LoadRuntime()
Error [GENERAL | xrEnumerateInstanceExtensionProperties | OpenXR-Loader] : Failed querying extension properties
[2026.07.02-03.39.53:611][629]LogHMD: Failed to enumerate extensions. Please check that you have a valid OpenXR runtime installed.
Error [GENERAL |  | OpenXR-Loader] : RuntimeManifestFile::FindManifestFiles - failed to determine active runtime file path for this environment
Error [GENERAL | xrEnumerateInstanceExtensionProperties | OpenXR-Loader] : RuntimeInterface::LoadRuntimes - unknown error
Error [GENERAL | xrEnumerateInstanceExtensionProperties | OpenXR-Loader] : RuntimeInterface::LoadRuntimes - failed to load a runtime
Error [GENERAL | xrEnumerateInstanceExtensionProperties | OpenXR-Loader] : Failed to find default runtime with RuntimeInterface::LoadRuntime()
Error [GENERAL | xrEnumerateInstanceExtensionProperties | OpenXR-Loader] : Failed querying extension properties
[2026.07.02-03.39.53:737][781]LogHMD: Failed to enumerate extensions. Please check that you have a valid OpenXR runtime installed.
MavLinkVehicle: confirmed offboard mode
Error [GENERAL |  | OpenXR-Loader] : RuntimeManifestFile::FindManifestFiles - failed to determine active runtime file path for this environment
Error [GENERAL | xrEnumerateInstanceExtensionProperties | OpenXR-Loader] : RuntimeInterface::LoadRuntimes - unknown error
Error [GENERAL | xrEnumerateInstanceExtensionProperties | OpenXR-Loader] : RuntimeInterface::LoadRuntimes - failed to load a runtime
Error [GENERAL | xrEnumerateInstanceExtensionProperties | OpenXR-Loader] : Failed to find default runtime with RuntimeInterface::LoadRuntime()
Error [GENERAL | xrEnumerateInstanceExtensionProperties | OpenXR-Loader] : Failed querying extension properties
[2026.07.02-03.39.53:861][944]LogHMD: Failed to enumerate extensions. Please check that you have a valid OpenXR runtime installed.
Error [GENERAL |  | OpenXR-Loader] : RuntimeManifestFile::FindManifestFiles - failed to determine active runtime file path for this environment
Error [GENERAL | xrEnumerateInstanceExtensionProperties | OpenXR-Loader] : RuntimeInterface::LoadRuntimes - unknown error
Error [GENERAL | xrEnumerateInstanceExtensionProperties | OpenXR-Loader] : RuntimeInterface::LoadRuntimes - failed to load a runtime
Error [GENERAL | xrEnumerateInstanceExtensionProperties | OpenXR-Loader] : Failed to find default runtime with RuntimeInterface::LoadRuntime()
Error [GENERAL | xrEnumerateInstanceExtensionProperties | OpenXR-Loader] : Failed querying extension properties
[2026.07.02-03.39.53:991][132]LogHMD: Failed to enumerate extensions. Please check that you have a valid OpenXR runtime installed.
Error [GENERAL |  | OpenXR-Loader] : RuntimeManifestFile::FindManifestFiles - failed to determine active runtime file path for this environment
Error [GENERAL | xrEnumerateInstanceExtensionProperties | OpenXR-Loader] : RuntimeInterface::LoadRuntimes - unknown error
Error [GENERAL | xrEnumerateInstanceExtensionProperties | OpenXR-Loader] : RuntimeInterface::LoadRuntimes - failed to load a runtime
Error [GENERAL | xrEnumerateInstanceExtensionProperties | OpenXR-Loader] : Failed to find default runtime with RuntimeInterface::LoadRuntime()
Error [GENERAL | xrEnumerateInstanceExtensionProperties | OpenXR-Loader] : Failed querying extension properties
[2026.07.02-03.39.54:139][293]LogHMD: Failed to enumerate extensions. Please check that you have a valid OpenXR runtime installed.
Error [GENERAL |  | OpenXR-Loader] : RuntimeManifestFile::FindManifestFiles - failed to determine active runtime file path for this environment
Error [GENERAL | xrEnumerateInstanceExtensionProperties | OpenXR-Loader] : RuntimeInterface::LoadRuntimes - unknown error
Error [GENERAL | xrEnumerateInstanceExtensionProperties | OpenXR-Loader] : RuntimeInterface::LoadRuntimes - failed to load a runtime
Error [GENERAL | xrEnumerateInstanceExtensionProperties | OpenXR-Loader] : Failed to find default runtime with RuntimeInterface::LoadRuntime()
Error [GENERAL | xrEnumerateInstanceExtensionProperties | OpenXR-Loader] : Failed querying extension properties
[2026.07.02-03.39.54:276][504]LogHMD: Failed to enumerate extensions. Please check that you have a valid OpenXR runtime installed.
Error [GENERAL |  | OpenXR-Loader] : RuntimeManifestFile::FindManifestFiles - failed to determine active runtime file path for this environment
Error [GENERAL | xrEnumerateInstanceExtensionProperties | OpenXR-Loader] : RuntimeInterface::LoadRuntimes - unknown error
Error [GENERAL | xrEnumerateInstanceExtensionProperties | OpenXR-Loader] : RuntimeInterface::LoadRuntimes - failed to load a runtime
Error [GENERAL | xrEnumerateInstanceExtensionProperties | OpenXR-Loader] : Failed to find default runtime with RuntimeInterface::LoadRuntime()
Error [GENERAL | xrEnumerateInstanceExtensionProperties | OpenXR-Loader] : Failed querying extension properties
[2026.07.02-03.39.54:401][670]LogHMD: Failed to enumerate extensions. Please check that you have a valid OpenXR runtime installed.
Error [GENERAL |  | OpenXR-Loader] : RuntimeManifestFile::FindManifestFiles - failed to determine active runtime file path for this environment
Error [GENERAL | xrEnumerateInstanceExtensionProperties | OpenXR-Loader] : RuntimeInterface::LoadRuntimes - unknown error
Error [GENERAL | xrEnumerateInstanceExtensionProperties | OpenXR-Loader] : RuntimeInterface::LoadRuntimes - failed to load a runtime
Error [GENERAL | xrEnumerateInstanceExtensionProperties | OpenXR-Loader] : Failed to find default runtime with RuntimeInterface::LoadRuntime()
Error [GENERAL | xrEnumerateInstanceExtensionProperties | OpenXR-Loader] : Failed querying extension properties
[2026.07.02-03.39.54:527][832]LogHMD: Failed to enumerate extensions. Please check that you have a valid OpenXR runtime installed.
Error [GENERAL |  | OpenXR-Loader] : RuntimeManifestFile::FindManifestFiles - failed to determine active runtime file path for this environment
Error [GENERAL | xrEnumerateInstanceExtensionProperties | OpenXR-Loader] : RuntimeInterface::LoadRuntimes - unknown error
Error [GENERAL | xrEnumerateInstanceExtensionProperties | OpenXR-Loader] : RuntimeInterface::LoadRuntimes - failed to load a runtime
Error [GENERAL | xrEnumerateInstanceExtensionProperties | OpenXR-Loader] : Failed to find default runtime with RuntimeInterface::LoadRuntime()
Error [GENERAL | xrEnumerateInstanceExtensionProperties | OpenXR-Loader] : Failed querying extension properties
[2026.07.02-03.39.54:653][  4]LogHMD: Failed to enumerate extensions. Please check that you have a valid OpenXR runtime installed.
Error [GENERAL |  | OpenXR-Loader] : RuntimeManifestFile::FindManifestFiles - failed to determine active runtime file path for this environment
Error [GENERAL | xrEnumerateInstanceExtensionProperties | OpenXR-Loader] : RuntimeInterface::LoadRuntimes - unknown error
Error [GENERAL | xrEnumerateInstanceExtensionProperties | OpenXR-Loader] : RuntimeInterface::LoadRuntimes - failed to load a runtime
Error [GENERAL | xrEnumerateInstanceExtensionProperties | OpenXR-Loader] : Failed to find default runtime with RuntimeInterface::LoadRuntime()
Error [GENERAL | xrEnumerateInstanceExtensionProperties | OpenXR-Loader] : Failed querying extension properties
[2026.07.02-03.39.54:777][149]LogHMD: Failed to enumerate extensions. Please check that you have a valid OpenXR runtime installed.
MavLinkVehicle: confirmed offboard mode
Error [GENERAL |  | OpenXR-Loader] : RuntimeManifestFile::FindManifestFiles - failed to determine active runtime file path for this environment
Error [GENERAL | xrEnumerateInstanceExtensionProperties | OpenXR-Loader] : RuntimeInterface::LoadRuntimes - unknown error
Error [GENERAL | xrEnumerateInstanceExtensionProperties | OpenXR-Loader] : RuntimeInterface::LoadRuntimes - failed to load a runtime
Error [GENERAL | xrEnumerateInstanceExtensionProperties | OpenXR-Loader] : Failed to find default runtime with RuntimeInterface::LoadRuntime()
Error [GENERAL | xrEnumerateInstanceExtensionProperties | OpenXR-Loader] : Failed querying extension properties
[2026.07.02-03.39.54:902][317]LogHMD: Failed to enumerate extensions. Please check that you have a valid OpenXR runtime installed.
Error [GENERAL |  | OpenXR-Loader] : RuntimeManifestFile::FindManifestFiles - failed to determine active runtime file path for this environment
Error [GENERAL | xrEnumerateInstanceExtensionProperties | OpenXR-Loader] : RuntimeInterface::LoadRuntimes - unknown error
Error [GENERAL | xrEnumerateInstanceExtensionProperties | OpenXR-Loader] : RuntimeInterface::LoadRuntimes - failed to load a runtime
Error [GENERAL | xrEnumerateInstanceExtensionProperties | OpenXR-Loader] : Failed to find default runtime with RuntimeInterface::LoadRuntime()
Error [GENERAL | xrEnumerateInstanceExtensionProperties | OpenXR-Loader] : Failed querying extension properties
[2026.07.02-03.39.55:032][474]LogHMD: Failed to enumerate extensions. Please check that you have a valid OpenXR runtime installed.
Error [GENERAL |  | OpenXR-Loader] : RuntimeManifestFile::FindManifestFiles - failed to determine active runtime file path for this environment
Error [GENERAL | xrEnumerateInstanceExtensionProperties | OpenXR-Loader] : RuntimeInterface::LoadRuntimes - unknown error
Error [GENERAL | xrEnumerateInstanceExtensionProperties | OpenXR-Loader] : RuntimeInterface::LoadRuntimes - failed to load a runtime
Error [GENERAL | xrEnumerateInstanceExtensionProperties | OpenXR-Loader] : Failed to find default runtime with RuntimeInterface::LoadRuntime()
Error [GENERAL | xrEnumerateInstanceExtensionProperties | OpenXR-Loader] : Failed querying extension properties
[2026.07.02-03.39.55:171][645]LogHMD: Failed to enumerate extensions. Please check that you have a valid OpenXR runtime installed.
Error [GENERAL |  | OpenXR-Loader] : RuntimeManifestFile::FindManifestFiles - failed to determine active runtime file path for this environment
Error [GENERAL | xrEnumerateInstanceExtensionProperties | OpenXR-Loader] : RuntimeInterface::LoadRuntimes - unknown error
Error [GENERAL | xrEnumerateInstanceExtensionProperties | OpenXR-Loader] : RuntimeInterface::LoadRuntimes - failed to load a runtime
Error [GENERAL | xrEnumerateInstanceExtensionProperties | OpenXR-Loader] : Failed to find default runtime with RuntimeInterface::LoadRuntime()
Error [GENERAL | xrEnumerateInstanceExtensionProperties | OpenXR-Loader] : Failed querying extension properties
[2026.07.02-03.39.55:297][807]LogHMD: Failed to enumerate extensions. Please check that you have a valid OpenXR runtime installed.
Error [GENERAL |  | OpenXR-Loader] : RuntimeManifestFile::FindManifestFiles - failed to determine active runtime file path for this environment
Error [GENERAL | xrEnumerateInstanceExtensionProperties | OpenXR-Loader] : RuntimeInterface::LoadRuntimes - unknown error
Error [GENERAL | xrEnumerateInstanceExtensionProperties | OpenXR-Loader] : RuntimeInterface::LoadRuntimes - failed to load a runtime
Error [GENERAL | xrEnumerateInstanceExtensionProperties | OpenXR-Loader] : Failed to find default runtime with RuntimeInterface::LoadRuntime()
Error [GENERAL | xrEnumerateInstanceExtensionProperties | OpenXR-Loader] : Failed querying extension properties
[2026.07.02-03.39.55:422][961]LogHMD: Failed to enumerate extensions. Please check that you have a valid OpenXR runtime installed.
Error [GENERAL |  | OpenXR-Loader] : RuntimeManifestFile::FindManifestFiles - failed to determine active runtime file path for this environment
Error [GENERAL | xrEnumerateInstanceExtensionProperties | OpenXR-Loader] : RuntimeInterface::LoadRuntimes - unknown error
Error [GENERAL | xrEnumerateInstanceExtensionProperties | OpenXR-Loader] : RuntimeInterface::LoadRuntimes - failed to load a runtime
Error [GENERAL | xrEnumerateInstanceExtensionProperties | OpenXR-Loader] : Failed to find default runtime with RuntimeInterface::LoadRuntime()
Error [GENERAL | xrEnumerateInstanceExtensionProperties | OpenXR-Loader] : Failed querying extension properties
[2026.07.02-03.39.55:566][120]LogHMD: Failed to enumerate extensions. Please check that you have a valid OpenXR runtime installed.
Error [GENERAL |  | OpenXR-Loader] : RuntimeManifestFile::FindManifestFiles - failed to determine active runtime file path for this environment
Error [GENERAL | xrEnumerateInstanceExtensionProperties | OpenXR-Loader] : RuntimeInterface::LoadRuntimes - unknown error
Error [GENERAL | xrEnumerateInstanceExtensionProperties | OpenXR-Loader] : RuntimeInterface::LoadRuntimes - failed to load a runtime
Error [GENERAL | xrEnumerateInstanceExtensionProperties | OpenXR-Loader] : Failed to find default runtime with RuntimeInterface::LoadRuntime()
Error [GENERAL | xrEnumerateInstanceExtensionProperties | OpenXR-Loader] : Failed querying extension properties
[2026.07.02-03.39.55:696][287]LogHMD: Failed to enumerate extensions. Please check that you have a valid OpenXR runtime installed.
MavLinkVehicle: confirmed offboard mode
Error [GENERAL |  | OpenXR-Loader] : RuntimeManifestFile::FindManifestFiles - failed to determine active runtime file path for this environment
Error [GENERAL | xrEnumerateInstanceExtensionProperties | OpenXR-Loader] : RuntimeInterface::LoadRuntimes - unknown error
Error [GENERAL | xrEnumerateInstanceExtensionProperties | OpenXR-Loader] : RuntimeInterface::LoadRuntimes - failed to load a runtime
Error [GENERAL | xrEnumerateInstanceExtensionProperties | OpenXR-Loader] : Failed to find default runtime with RuntimeInterface::LoadRuntime()
Error [GENERAL | xrEnumerateInstanceExtensionProperties | OpenXR-Loader] : Failed querying extension properties
[2026.07.02-03.39.55:835][451]LogHMD: Failed to enumerate extensions. Please check that you have a valid OpenXR runtime installed.
Error [GENERAL |  | OpenXR-Loader] : RuntimeManifestFile::FindManifestFiles - failed to determine active runtime file path for this environment
Error [GENERAL | xrEnumerateInstanceExtensionProperties | OpenXR-Loader] : RuntimeInterface::LoadRuntimes - unknown error
Error [GENERAL | xrEnumerateInstanceExtensionProperties | OpenXR-Loader] : RuntimeInterface::LoadRuntimes - failed to load a runtime
Error [GENERAL | xrEnumerateInstanceExtensionProperties | OpenXR-Loader] : Failed to find default runtime with RuntimeInterface::LoadRuntime()
Error [GENERAL | xrEnumerateInstanceExtensionProperties | OpenXR-Loader] : Failed querying extension properties
[2026.07.02-03.39.55:958][625]LogHMD: Failed to enumerate extensions. Please check that you have a valid OpenXR runtime installed.
Error [GENERAL |  | OpenXR-Loader] : RuntimeManifestFile::FindManifestFiles - failed to determine active runtime file path for this environment
Error [GENERAL | xrEnumerateInstanceExtensionProperties | OpenXR-Loader] : RuntimeInterface::LoadRuntimes - unknown error
Error [GENERAL | xrEnumerateInstanceExtensionProperties | OpenXR-Loader] : RuntimeInterface::LoadRuntimes - failed to load a runtime
Error [GENERAL | xrEnumerateInstanceExtensionProperties | OpenXR-Loader] : Failed to find default runtime with RuntimeInterface::LoadRuntime()
Error [GENERAL | xrEnumerateInstanceExtensionProperties | OpenXR-Loader] : Failed querying extension properties
[2026.07.02-03.39.56:090][778]LogHMD: Failed to enumerate extensions. Please check that you have a valid OpenXR runtime installed.
Error [GENERAL |  | OpenXR-Loader] : RuntimeManifestFile::FindManifestFiles - failed to determine active runtime file path for this environment
Error [GENERAL | xrEnumerateInstanceExtensionProperties | OpenXR-Loader] : RuntimeInterface::LoadRuntimes - unknown error
Error [GENERAL | xrEnumerateInstanceExtensionProperties | OpenXR-Loader] : RuntimeInterface::LoadRuntimes - failed to load a runtime
Error [GENERAL | xrEnumerateInstanceExtensionProperties | OpenXR-Loader] : Failed to find default runtime with RuntimeInterface::LoadRuntime()
Error [GENERAL | xrEnumerateInstanceExtensionProperties | OpenXR-Loader] : Failed querying extension properties
[2026.07.02-03.39.56:220][955]LogHMD: Failed to enumerate extensions. Please check that you have a valid OpenXR runtime installed.
Error [GENERAL |  | OpenXR-Loader] : RuntimeManifestFile::FindManifestFiles - failed to determine active runtime file path for this environment
Error [GENERAL | xrEnumerateInstanceExtensionProperties | OpenXR-Loader] : RuntimeInterface::LoadRuntimes - unknown error
Error [GENERAL | xrEnumerateInstanceExtensionProperties | OpenXR-Loader] : RuntimeInterface::LoadRuntimes - failed to load a runtime
Error [GENERAL | xrEnumerateInstanceExtensionProperties | OpenXR-Loader] : Failed to find default runtime with RuntimeInterface::LoadRuntime()
Error [GENERAL | xrEnumerateInstanceExtensionProperties | OpenXR-Loader] : Failed querying extension properties
[2026.07.02-03.39.56:359][138]LogHMD: Failed to enumerate extensions. Please check that you have a valid OpenXR runtime installed.
Error [GENERAL |  | OpenXR-Loader] : RuntimeManifestFile::FindManifestFiles - failed to determine active runtime file path for this environment
Error [GENERAL | xrEnumerateInstanceExtensionProperties | OpenXR-Loader] : RuntimeInterface::LoadRuntimes - unknown error
Error [GENERAL | xrEnumerateInstanceExtensionProperties | OpenXR-Loader] : RuntimeInterface::LoadRuntimes - failed to load a runtime
Error [GENERAL | xrEnumerateInstanceExtensionProperties | OpenXR-Loader] : Failed to find default runtime with RuntimeInterface::LoadRuntime()
Error [GENERAL | xrEnumerateInstanceExtensionProperties | OpenXR-Loader] : Failed querying extension properties
[2026.07.02-03.39.56:484][322]LogHMD: Failed to enumerate extensions. Please check that you have a valid OpenXR runtime installed.
Error [GENERAL |  | OpenXR-Loader] : RuntimeManifestFile::FindManifestFiles - failed to determine active runtime file path for this environment
Error [GENERAL | xrEnumerateInstanceExtensionProperties | OpenXR-Loader] : RuntimeInterface::LoadRuntimes - unknown error
Error [GENERAL | xrEnumerateInstanceExtensionProperties | OpenXR-Loader] : RuntimeInterface::LoadRuntimes - failed to load a runtime
Error [GENERAL | xrEnumerateInstanceExtensionProperties | OpenXR-Loader] : Failed to find default runtime with RuntimeInterface::LoadRuntime()
Error [GENERAL | xrEnumerateInstanceExtensionProperties | OpenXR-Loader] : Failed querying extension properties
[2026.07.02-03.39.56:609][508]LogHMD: Failed to enumerate extensions. Please check that you have a valid OpenXR runtime installed.
Error [GENERAL |  | OpenXR-Loader] : RuntimeManifestFile::FindManifestFiles - failed to determine active runtime file path for this environment
Error [GENERAL | xrEnumerateInstanceExtensionProperties | OpenXR-Loader] : RuntimeInterface::LoadRuntimes - unknown error
Error [GENERAL | xrEnumerateInstanceExtensionProperties | OpenXR-Loader] : RuntimeInterface::LoadRuntimes - failed to load a runtime
Error [GENERAL | xrEnumerateInstanceExtensionProperties | OpenXR-Loader] : Failed to find default runtime with RuntimeInterface::LoadRuntime()
Error [GENERAL | xrEnumerateInstanceExtensionProperties | OpenXR-Loader] : Failed querying extension properties
[2026.07.02-03.39.56:734][702]LogHMD: Failed to enumerate extensions. Please check that you have a valid OpenXR runtime installed.
MavLinkVehicle: confirmed offboard mode
Error [GENERAL |  | OpenXR-Loader] : RuntimeManifestFile::FindManifestFiles - failed to determine active runtime file path for this environment
Error [GENERAL | xrEnumerateInstanceExtensionProperties | OpenXR-Loader] : RuntimeInterface::LoadRuntimes - unknown error
Error [GENERAL | xrEnumerateInstanceExtensionProperties | OpenXR-Loader] : RuntimeInterface::LoadRuntimes - failed to load a runtime
Error [GENERAL | xrEnumerateInstanceExtensionProperties | OpenXR-Loader] : Failed to find default runtime with RuntimeInterface::LoadRuntime()
Error [GENERAL | xrEnumerateInstanceExtensionProperties | OpenXR-Loader] : Failed querying extension properties
[2026.07.02-03.39.56:860][875]LogHMD: Failed to enumerate extensions. Please check that you have a valid OpenXR runtime installed.
Error [GENERAL |  | OpenXR-Loader] : RuntimeManifestFile::FindManifestFiles - failed to determine active runtime file path for this environment
Error [GENERAL | xrEnumerateInstanceExtensionProperties | OpenXR-Loader] : RuntimeInterface::LoadRuntimes - unknown error
Error [GENERAL | xrEnumerateInstanceExtensionProperties | OpenXR-Loader] : RuntimeInterface::LoadRuntimes - failed to load a runtime
Error [GENERAL | xrEnumerateInstanceExtensionProperties | OpenXR-Loader] : Failed to find default runtime with RuntimeInterface::LoadRuntime()
Error [GENERAL | xrEnumerateInstanceExtensionProperties | OpenXR-Loader] : Failed querying extension properties
[2026.07.02-03.39.56:990][ 39]LogHMD: Failed to enumerate extensions. Please check that you have a valid OpenXR runtime installed.
Error [GENERAL |  | OpenXR-Loader] : RuntimeManifestFile::FindManifestFiles - failed to determine active runtime file path for this environment
Error [GENERAL | xrEnumerateInstanceExtensionProperties | OpenXR-Loader] : RuntimeInterface::LoadRuntimes - unknown error
Error [GENERAL | xrEnumerateInstanceExtensionProperties | OpenXR-Loader] : RuntimeInterface::LoadRuntimes - failed to load a runtime
Error [GENERAL | xrEnumerateInstanceExtensionProperties | OpenXR-Loader] : Failed to find default runtime with RuntimeInterface::LoadRuntime()
Error [GENERAL | xrEnumerateInstanceExtensionProperties | OpenXR-Loader] : Failed querying extension properties
[2026.07.02-03.39.57:115][219]LogHMD: Failed to enumerate extensions. Please check that you have a valid OpenXR runtime installed.
Error [GENERAL |  | OpenXR-Loader] : RuntimeManifestFile::FindManifestFiles - failed to determine active runtime file path for this environment
Error [GENERAL | xrEnumerateInstanceExtensionProperties | OpenXR-Loader] : RuntimeInterface::LoadRuntimes - unknown error
Error [GENERAL | xrEnumerateInstanceExtensionProperties | OpenXR-Loader] : RuntimeInterface::LoadRuntimes - failed to load a runtime
Error [GENERAL | xrEnumerateInstanceExtensionProperties | OpenXR-Loader] : Failed to find default runtime with RuntimeInterface::LoadRuntime()
Error [GENERAL | xrEnumerateInstanceExtensionProperties | OpenXR-Loader] : Failed querying extension properties
[2026.07.02-03.39.57:243][387]LogHMD: Failed to enumerate extensions. Please check that you have a valid OpenXR runtime installed.
Error [GENERAL |  | OpenXR-Loader] : RuntimeManifestFile::FindManifestFiles - failed to determine active runtime file path for this environment
Error [GENERAL | xrEnumerateInstanceExtensionProperties | OpenXR-Loader] : RuntimeInterface::LoadRuntimes - unknown error
Error [GENERAL | xrEnumerateInstanceExtensionProperties | OpenXR-Loader] : RuntimeInterface::LoadRuntimes - failed to load a runtime
Error [GENERAL | xrEnumerateInstanceExtensionProperties | OpenXR-Loader] : Failed to find default runtime with RuntimeInterface::LoadRuntime()
Error [GENERAL | xrEnumerateInstanceExtensionProperties | OpenXR-Loader] : Failed querying extension properties
[2026.07.02-03.39.57:375][566]LogHMD: Failed to enumerate extensions. Please check that you have a valid OpenXR runtime installed.
Error [GENERAL |  | OpenXR-Loader] : RuntimeManifestFile::FindManifestFiles - failed to determine active runtime file path for this environment
Error [GENERAL | xrEnumerateInstanceExtensionProperties | OpenXR-Loader] : RuntimeInterface::LoadRuntimes - unknown error
Error [GENERAL | xrEnumerateInstanceExtensionProperties | OpenXR-Loader] : RuntimeInterface::LoadRuntimes - failed to load a runtime
Error [GENERAL | xrEnumerateInstanceExtensionProperties | OpenXR-Loader] : Failed to find default runtime with RuntimeInterface::LoadRuntime()
Error [GENERAL | xrEnumerateInstanceExtensionProperties | OpenXR-Loader] : Failed querying extension properties
[2026.07.02-03.39.57:504][730]LogHMD: Failed to enumerate extensions. Please check that you have a valid OpenXR runtime installed.
Error [GENERAL |  | OpenXR-Loader] : RuntimeManifestFile::FindManifestFiles - failed to determine active runtime file path for this environment
Error [GENERAL | xrEnumerateInstanceExtensionProperties | OpenXR-Loader] : RuntimeInterface::LoadRuntimes - unknown error
Error [GENERAL | xrEnumerateInstanceExtensionProperties | OpenXR-Loader] : RuntimeInterface::LoadRuntimes - failed to load a runtime
Error [GENERAL | xrEnumerateInstanceExtensionProperties | OpenXR-Loader] : Failed to find default runtime with RuntimeInterface::LoadRuntime()
Error [GENERAL | xrEnumerateInstanceExtensionProperties | OpenXR-Loader] : Failed querying extension properties
[2026.07.02-03.39.57:630][900]LogHMD: Failed to enumerate extensions. Please check that you have a valid OpenXR runtime installed.
Error [GENERAL |  | OpenXR-Loader] : RuntimeManifestFile::FindManifestFiles - failed to determine active runtime file path for this environment
Error [GENERAL | xrEnumerateInstanceExtensionProperties | OpenXR-Loader] : RuntimeInterface::LoadRuntimes - unknown error
Error [GENERAL | xrEnumerateInstanceExtensionProperties | OpenXR-Loader] : RuntimeInterface::LoadRuntimes - failed to load a runtime
Error [GENERAL | xrEnumerateInstanceExtensionProperties | OpenXR-Loader] : Failed to find default runtime with RuntimeInterface::LoadRuntime()
Error [GENERAL | xrEnumerateInstanceExtensionProperties | OpenXR-Loader] : Failed querying extension properties
[2026.07.02-03.39.57:759][ 86]LogHMD: Failed to enumerate extensions. Please check that you have a valid OpenXR runtime installed.
MavLinkVehicle: confirmed offboard mode
Error [GENERAL |  | OpenXR-Loader] : RuntimeManifestFile::FindManifestFiles - failed to determine active runtime file path for this environment
Error [GENERAL | xrEnumerateInstanceExtensionProperties | OpenXR-Loader] : RuntimeInterface::LoadRuntimes - unknown error
Error [GENERAL | xrEnumerateInstanceExtensionProperties | OpenXR-Loader] : RuntimeInterface::LoadRuntimes - failed to load a runtime
Error [GENERAL | xrEnumerateInstanceExtensionProperties | OpenXR-Loader] : Failed to find default runtime with RuntimeInterface::LoadRuntime()
Error [GENERAL | xrEnumerateInstanceExtensionProperties | OpenXR-Loader] : Failed querying extension properties
[2026.07.02-03.39.57:885][254]LogHMD: Failed to enumerate extensions. Please check that you have a valid OpenXR runtime installed.
Error [GENERAL |  | OpenXR-Loader] : RuntimeManifestFile::FindManifestFiles - failed to determine active runtime file path for this environment
Error [GENERAL | xrEnumerateInstanceExtensionProperties | OpenXR-Loader] : RuntimeInterface::LoadRuntimes - unknown error
Error [GENERAL | xrEnumerateInstanceExtensionProperties | OpenXR-Loader] : RuntimeInterface::LoadRuntimes - failed to load a runtime
Error [GENERAL | xrEnumerateInstanceExtensionProperties | OpenXR-Loader] : Failed to find default runtime with RuntimeInterface::LoadRuntime()
Error [GENERAL | xrEnumerateInstanceExtensionProperties | OpenXR-Loader] : Failed querying extension properties
[2026.07.02-03.39.58:009][416]LogHMD: Failed to enumerate extensions. Please check that you have a valid OpenXR runtime installed.
Error [GENERAL |  | OpenXR-Loader] : RuntimeManifestFile::FindManifestFiles - failed to determine active runtime file path for this environment
Error [GENERAL | xrEnumerateInstanceExtensionProperties | OpenXR-Loader] : RuntimeInterface::LoadRuntimes - unknown error
Error [GENERAL | xrEnumerateInstanceExtensionProperties | OpenXR-Loader] : RuntimeInterface::LoadRuntimes - failed to load a runtime
Error [GENERAL | xrEnumerateInstanceExtensionProperties | OpenXR-Loader] : Failed to find default runtime with RuntimeInterface::LoadRuntime()
Error [GENERAL | xrEnumerateInstanceExtensionProperties | OpenXR-Loader] : Failed querying extension properties
[2026.07.02-03.39.58:140][569]LogHMD: Failed to enumerate extensions. Please check that you have a valid OpenXR runtime installed.
Error [GENERAL |  | OpenXR-Loader] : RuntimeManifestFile::FindManifestFiles - failed to determine active runtime file path for this environment
Error [GENERAL | xrEnumerateInstanceExtensionProperties | OpenXR-Loader] : RuntimeInterface::LoadRuntimes - unknown error
Error [GENERAL | xrEnumerateInstanceExtensionProperties | OpenXR-Loader] : RuntimeInterface::LoadRuntimes - failed to load a runtime
Error [GENERAL | xrEnumerateInstanceExtensionProperties | OpenXR-Loader] : Failed to find default runtime with RuntimeInterface::LoadRuntime()
Error [GENERAL | xrEnumerateInstanceExtensionProperties | OpenXR-Loader] : Failed querying extension properties
[2026.07.02-03.39.58:265][777]LogHMD: Failed to enumerate extensions. Please check that you have a valid OpenXR runtime installed.
Error [GENERAL |  | OpenXR-Loader] : RuntimeManifestFile::FindManifestFiles - failed to determine active runtime file path for this environment
Error [GENERAL | xrEnumerateInstanceExtensionProperties | OpenXR-Loader] : RuntimeInterface::LoadRuntimes - unknown error
Error [GENERAL | xrEnumerateInstanceExtensionProperties | OpenXR-Loader] : RuntimeInterface::LoadRuntimes - failed to load a runtime
Error [GENERAL | xrEnumerateInstanceExtensionProperties | OpenXR-Loader] : Failed to find default runtime with RuntimeInterface::LoadRuntime()
Error [GENERAL | xrEnumerateInstanceExtensionProperties | OpenXR-Loader] : Failed querying extension properties
[2026.07.02-03.39.58:409][961]LogHMD: Failed to enumerate extensions. Please check that you have a valid OpenXR runtime installed.
Error [GENERAL |  | OpenXR-Loader] : RuntimeManifestFile::FindManifestFiles - failed to determine active runtime file path for this environment
Error [GENERAL | xrEnumerateInstanceExtensionProperties | OpenXR-Loader] : RuntimeInterface::LoadRuntimes - unknown error
Error [GENERAL | xrEnumerateInstanceExtensionProperties | OpenXR-Loader] : RuntimeInterface::LoadRuntimes - failed to load a runtime
Error [GENERAL | xrEnumerateInstanceExtensionProperties | OpenXR-Loader] : Failed to find default runtime with RuntimeInterface::LoadRuntime()
Error [GENERAL | xrEnumerateInstanceExtensionProperties | OpenXR-Loader] : Failed querying extension properties
FUnixPlatformMisc::RequestExitWithStatus
 FUnixPlatformMisc::RequestExit
 [2026.07.02-03.39.58:535][153]LogHMD: Failed to enumerate extensions. Please check that you have a valid OpenXR runtime installed.
MavLinkVehicle: confirmed offboard mode
MavLinkVehicle: confirmed offboard mode
MavLinkVehicle: confirmed offboard mode
[2026.07.02-03.40.01:446][793]LogCore: Engine exit requested (reason: EngineExit() was called; note: exit was already requested)
[2026.07.02-03.40.01:446][793]LogInit: Display: PreExit Game.
[2026.07.02-03.40.01:447][793]LogWorld: BeginTearingDown for /Game/FlyingCPP/Maps/FlyingExampleMap
[2026.07.02-03.40.01:448][793]LogTemp: Disconnecting mavlink vehicle
Disconnecting mavlink vehicle
[2026.07.02-03.40.02:493][793]LogWorld: UWorld::CleanupWorld for FlyingExampleMap, bSessionEnded=true, bCleanupResources=true
[2026.07.02-03.40.02:495][793]LogSlate: InvalidateAllWidgets triggered.  All widgets were invalidated
[2026.07.02-03.40.02:495][793]LogSlate: Request Window 'Blocks Environment for AirSim Blocks Environment for AirSim ' being destroyed
[2026.07.02-03.40.02:500][793]LogSlate: Window 'Blocks Environment for AirSim Blocks Environment for AirSim ' being destroyed
[2026.07.02-03.40.02:505][793]LogExit: Preparing to exit.
[2026.07.02-03.40.02:506][793]LogMoviePlayer: Shutting down movie player
[2026.07.02-03.40.02:508][793]LogSlate: Updating window title bar state: overlay mode, drag disabled, window buttons hidden, title bar hidden
[2026.07.02-03.40.02:510][793]LogDemo: Cleaned up 0 splitscreen connections with owner deletion
[2026.07.02-03.40.02:511][793]LogExit: Game engine shut down
[2026.07.02-03.40.02:520][793]LogExit: Object subsystem successfully closed.
[2026.07.02-03.40.02:528][793]LogModuleManager: Shutting down and abandoning module AutomationController (290)
[2026.07.02-03.40.02:528][793]LogModuleManager: Shutting down and abandoning module AutomationWorker (288)
[2026.07.02-03.40.02:528][793]LogModuleManager: Shutting down and abandoning module Voice (286)
[2026.07.02-03.40.02:528][793]LogModuleManager: Shutting down and abandoning module AIModule (284)
[2026.07.02-03.40.02:528][793]LogModuleManager: Shutting down and abandoning module GameplayDebugger (283)
[2026.07.02-03.40.02:528][793]LogModuleManager: Shutting down and abandoning module NavigationSystem (281)
[2026.07.02-03.40.02:528][793]LogModuleManager: Shutting down and abandoning module WebMMediaFactory (278)
[2026.07.02-03.40.02:528][793]LogModuleManager: Shutting down and abandoning module WebMMedia (276)
[2026.07.02-03.40.02:528][793]LogModuleManager: Shutting down and abandoning module OpenXRInput (274)
[2026.07.02-03.40.02:528][793]LogModuleManager: Shutting down and abandoning module WmfMediaFactory (272)
[2026.07.02-03.40.02:528][793]LogModuleManager: Shutting down and abandoning module ImgMediaFactory (270)
[2026.07.02-03.40.02:528][793]LogModuleManager: Shutting down and abandoning module AvfMediaFactory (268)
[2026.07.02-03.40.02:528][793]LogModuleManager: Shutting down and abandoning module CharacterAI (266)
[2026.07.02-03.40.02:528][793]LogModuleManager: Shutting down and abandoning module PlanarCut (264)
[2026.07.02-03.40.02:528][793]LogModuleManager: Shutting down and abandoning module SessionServices (262)
[2026.07.02-03.40.02:528][793]LogModuleManager: Shutting down and abandoning module LevelSequence (260)
[2026.07.02-03.40.02:528][793]LogModuleManager: Shutting down and abandoning module MovieSceneTracks (258)
[2026.07.02-03.40.02:528][793]LogModuleManager: Shutting down and abandoning module MovieScene (256)
[2026.07.02-03.40.02:528][793]LogModuleManager: Shutting down and abandoning module StreamingPauseRendering (254)
[2026.07.02-03.40.02:528][793]LogModuleManager: Shutting down and abandoning module ImageWriteQueue (252)
[2026.07.02-03.40.02:531][793]LogModuleManager: Shutting down and abandoning module ProfilerService (250)
[2026.07.02-03.40.02:548][793]LogModuleManager: Shutting down and abandoning module TaskGraph (248)
[2026.07.02-03.40.02:548][793]LogModuleManager: Shutting down and abandoning module Synthesis (246)
[2026.07.02-03.40.02:548][793]LogModuleManager: Shutting down and abandoning module TakeMovieScene (244)
[2026.07.02-03.40.02:548][793]LogModuleManager: Shutting down and abandoning module LiveLinkMovieScene (242)
[2026.07.02-03.40.02:548][793]LogModuleManager: Shutting down and abandoning module LiveLinkComponents (240)
[2026.07.02-03.40.02:548][793]LogModuleManager: Shutting down and abandoning module LiveLink (238)
[2026.07.02-03.40.03:470][793]LogModuleManager: Shutting down and abandoning module MobilePatchingUtils (236)
[2026.07.02-03.40.03:470][793]LogModuleManager: Shutting down and abandoning module GooglePAD (234)
[2026.07.02-03.40.03:470][793]LogModuleManager: Shutting down and abandoning module CustomMeshComponent (232)
[2026.07.02-03.40.03:470][793]LogModuleManager: Shutting down and abandoning module CableComponent (230)
[2026.07.02-03.40.03:470][793]LogModuleManager: Shutting down and abandoning module AudioCapture (228)
[2026.07.02-03.40.03:470][793]LogModuleManager: Shutting down and abandoning module AssetTags (226)
[2026.07.02-03.40.03:470][793]LogModuleManager: Shutting down and abandoning module ArchVisCharacter (224)
[2026.07.02-03.40.03:470][793]LogModuleManager: Shutting down and abandoning module AppleImageUtils (222)
[2026.07.02-03.40.03:470][793]LogModuleManager: Shutting down and abandoning module AndroidPermission (220)
[2026.07.02-03.40.03:470][793]LogModuleManager: Shutting down and abandoning module ActorLayerUtilities (218)
[2026.07.02-03.40.03:470][793]LogModuleManager: Shutting down and abandoning module MediaCompositing (216)
[2026.07.02-03.40.03:470][793]LogModuleManager: Shutting down and abandoning module ImgMedia (214)
[2026.07.02-03.40.03:470][793]LogModuleManager: Shutting down and abandoning module MotoSynth (212)
[2026.07.02-03.40.03:470][793]LogModuleManager: Shutting down and abandoning module ChaosNiagara (210)
[2026.07.02-03.40.03:470][793]LogModuleManager: Shutting down and abandoning module ProceduralMeshComponent (208)
[2026.07.02-03.40.03:470][793]LogModuleManager: Shutting down and abandoning module GeometryCollectionTracks (206)
[2026.07.02-03.40.03:470][793]LogModuleManager: Shutting down and abandoning module EditableMesh (204)
[2026.07.02-03.40.03:470][793]LogModuleManager: Shutting down and abandoning module MeshConversion (202)
[2026.07.02-03.40.03:470][793]LogModuleManager: Shutting down and abandoning module DynamicMesh (200)
[2026.07.02-03.40.03:470][793]LogModuleManager: Shutting down and abandoning module GeometryAlgorithms (198)
[2026.07.02-03.40.03:470][793]LogModuleManager: Shutting down and abandoning module GeometricObjects (196)
[2026.07.02-03.40.03:470][793]LogModuleManager: Shutting down and abandoning module BackChannel (194)
[2026.07.02-03.40.03:470][793]LogModuleManager: Shutting down and abandoning module AutomationUtils (192)
[2026.07.02-03.40.03:470][793]LogModuleManager: Shutting down and abandoning module GeometryCacheTracks (190)
[2026.07.02-03.40.03:470][793]LogModuleManager: Shutting down and abandoning module GeometryCache (188)
[2026.07.02-03.40.03:470][793]LogModuleManager: Shutting down and abandoning module UObjectPlugin (186)
[2026.07.02-03.40.03:470][793]LogModuleManager: Shutting down and abandoning module OodleNetworkHandlerComponent (184)
[2026.07.02-03.40.03:470][793]LogModuleManager: Shutting down and abandoning module TemplateSequence (182)
[2026.07.02-03.40.03:470][793]LogModuleManager: Shutting down and abandoning module Blocks (180)
[2026.07.02-03.40.03:470][793]LogModuleManager: Shutting down and abandoning module AudioSynesthesia (178)
[2026.07.02-03.40.03:470][793]LogModuleManager: Shutting down and abandoning module AudioSynesthesiaCore (176)
[2026.07.02-03.40.03:470][793]LogModuleManager: Shutting down and abandoning module SoundFields (174)
[2026.07.02-03.40.03:470][793]LogModuleManager: Shutting down and abandoning module RuntimePhysXCooking (172)
[2026.07.02-03.40.03:470][793]LogModuleManager: Shutting down and abandoning module LocationServicesBPLibrary (170)
[2026.07.02-03.40.03:470][793]LogModuleManager: Shutting down and abandoning module ActorSequence (168)
[2026.07.02-03.40.03:470][793]LogModuleManager: Shutting down and abandoning module UdpMessaging (166)
[2026.07.02-03.40.03:470][793]LogModuleManager: Shutting down and abandoning module TcpMessaging (164)
[2026.07.02-03.40.03:470][793]LogModuleManager: Shutting down and abandoning module ImgMediaEngine (162)
[2026.07.02-03.40.03:470][793]LogModuleManager: Shutting down and abandoning module NiagaraAnimNotifies (160)
[2026.07.02-03.40.03:470][793]LogModuleManager: Shutting down and abandoning module Niagara (158)
[2026.07.02-03.40.03:470][793]LogModuleManager: Shutting down and abandoning module NiagaraCore (156)
[2026.07.02-03.40.03:470][793]LogModuleManager: Shutting down and abandoning module FacialAnimation (154)
[2026.07.02-03.40.03:470][793]LogModuleManager: Shutting down and abandoning module SignificanceManager (152)
[2026.07.02-03.40.03:470][793]LogModuleManager: Shutting down and abandoning module AnimationSharing (150)
[2026.07.02-03.40.03:470][793]LogModuleManager: Shutting down and abandoning module GameplayCameras (148)
[2026.07.02-03.40.03:470][793]LogModuleManager: Shutting down and abandoning module LightPropagationVolumeRuntime (146)
[2026.07.02-03.40.03:471][793]LogModuleManager: Shutting down and abandoning module Paper2D (144)
[2026.07.02-03.40.03:471][793]LogModuleManager: Shutting down and abandoning module AirSim (140)
[2026.07.02-03.40.03:471][793]LogModuleManager: Shutting down and abandoning module WebMMoviePlayer (138)
[2026.07.02-03.40.03:471][793]LogModuleManager: Shutting down and abandoning module NetworkReplayStreaming (136)
[2026.07.02-03.40.03:471][793]LogModuleManager: Shutting down and abandoning module PacketHandler (134)
[2026.07.02-03.40.03:471][793]LogModuleManager: Shutting down and abandoning module ClothingSystemRuntimeNv (132)
[2026.07.02-03.40.03:471][793]LogModuleManager: Shutting down and abandoning module MediaAssets (130)
[2026.07.02-03.40.03:471][793]LogModuleManager: Shutting down and abandoning module Overlay (128)
[2026.07.02-03.40.03:471][793]LogModuleManager: Shutting down and abandoning module FunctionalTesting (126)
[2026.07.02-03.40.03:471][793]LogModuleManager: Shutting down and abandoning module MessageLog (124)
[2026.07.02-03.40.03:471][793]LogModuleManager: Shutting down and abandoning module UMG (122)
[2026.07.02-03.40.03:471][793]LogModuleManager: Shutting down and abandoning module SlateReflector (120)
[2026.07.02-03.40.03:471][793]LogModuleManager: Shutting down and abandoning module Slate (118)
[2026.07.02-03.40.03:471][793]LogModuleManager: Shutting down and abandoning module SlateCore (116)
[2026.07.02-03.40.03:471][793]LogModuleManager: Shutting down and abandoning module MRMesh (114)
[2026.07.02-03.40.03:471][793]LogModuleManager: Shutting down and abandoning module Messaging (112)
[2026.07.02-03.40.03:471][793]LogModuleManager: Shutting down and abandoning module HeadMountedDisplay (110)
[2026.07.02-03.40.03:471][793]LogModuleManager: Shutting down and abandoning module AudioMixerSDL (108)
[2026.07.02-03.40.03:471][793]LogModuleManager: Shutting down and abandoning module AudioMixerCore (107)
[2026.07.02-03.40.03:471][793]LogModuleManager: Shutting down and abandoning module SignalProcessing (106)
[2026.07.02-03.40.03:471][793]LogModuleManager: Shutting down and abandoning module Networking (102)
[2026.07.02-03.40.03:471][793]LogModuleManager: Shutting down and abandoning module Core (100)
[2026.07.02-03.40.03:471][793]LogModuleManager: Shutting down and abandoning module FieldSystemEngine (98)
[2026.07.02-03.40.03:471][793]LogModuleManager: Shutting down and abandoning module Media (96)
[2026.07.02-03.40.03:471][793]LogModuleManager: Shutting down and abandoning module MediaInfo (95)
[2026.07.02-03.40.03:471][793]LogModuleManager: Shutting down and abandoning module ImageWrapper (90)
[2026.07.02-03.40.03:471][793]LogModuleManager: Shutting down and abandoning module VulkanRHI (88)
[2026.07.02-03.40.03:471][793]LogModuleManager: Shutting down and abandoning module InputCore (86)
[2026.07.02-03.40.03:471][793]LogModuleManager: Shutting down and abandoning module Settings (84)
[2026.07.02-03.40.03:471][793]LogModuleManager: Shutting down and abandoning module PhysXCooking (82)
[2026.07.02-03.40.03:471][793]LogModuleManager: Shutting down and abandoning module Chaos (80)
[2026.07.02-03.40.03:471][793]LogModuleManager: Shutting down and abandoning module OpenXRHandTracking (78)
[2026.07.02-03.40.03:471][793]LogSlate: Slate User Destroyed.  User Index 0, Is Virtual User: 0
[2026.07.02-03.40.03:471][793]LogModuleManager: Shutting down and abandoning module OpenXRAR (76)
[2026.07.02-03.40.03:471][793]LogModuleManager: Shutting down and abandoning module AugmentedReality (75)
[2026.07.02-03.40.03:FUnixPlatformMisc::RequestExit
 